expiryDate,strike,Unnamed: 0,expiryDate,contractSymbol,lastTradeDate,strike,lastPrice,bid,ask,change,percentChange,volume,openInterest,impliedVolatility,inTheMoney,contractSize,currency,spot
2026-09-04,430.0,17,2026-09-04,AMAT260904C00430000,2026-09-03 19:53:05+00:00,430.0,8.1,7.45,9.4,-2.5,-23.584906,78.0,41,0.4682670361328125,True,REGULAR,USD,435.9100036621094
2026-09-04,432.5,18,2026-09-04,AMAT260904C00432500,2026-09-03 19:32:43+00:00,432.5,6.5,5.25,8.05,-4.6000004,-41.441444,24.0,28,0.4832815344238281,True,REGULAR,USD,435.9100036621094
2026-09-04,435.0,19,2026-09-04,AMAT260904C00435000,2026-09-03 19:53:05+00:00,435.0,4.7,4.55,6.5,-3.3900003,-41.903587,85.0,28,0.4692435888671875,True,REGULAR,USD,435.9100036621094
2026-09-04,437.5,20,2026-09-04,AMAT260904C00437500,2026-09-03 19:55:36+00:00,437.5,4.12,3.55,4.9,-2.79,-40.376266,67.0,31,0.4388483850097656,False,REGULAR,USD,435.9100036621094
2026-09-04,440.0,21,2026-09-04,AMAT260904C00440000,2026-09-03 19:54:20+00:00,440.0,3.0,2.71,3.55,-3.0,-50.0,425.0,117,0.4135800830078124,False,REGULAR,USD,435.9100036621094
2026-09-04,445.0,22,2026-09-04,AMAT260904C00445000,2026-09-03 19:44:50+00:00,445.0,1.65,1.45,2.0,-2.25,-57.692307,129.0,181,0.4123593920898437,False,REGULAR,USD,435.9100036621094
2026-09-04,450.0,23,2026-09-04,AMAT260904C00450000,2026-09-03 19:54:24+00:00,450.0,0.83,0.68,1.0,-1.6600001,-66.66667,629.0,269,0.407232490234375,False,REGULAR,USD,435.9100036621094
2026-09-04,452.5,24,2026-09-04,AMAT260904C00452500,2026-09-03 19:51:15+00:00,452.5,0.55,0.47,0.86,-1.3699999,-71.354164,197.0,34,0.4333552758789062,False,REGULAR,USD,435.9100036621094
2026-09-04,455.0,25,2026-09-04,AMAT260904C00455000,2026-09-03 19:51:19+00:00,455.0,0.42,0.4,0.61,-1.1,-72.36842,151.0,144,0.4348201049804688,False,REGULAR,USD,435.9100036621094
2026-09-04,457.5,26,2026-09-04,AMAT260904C00457500,2026-09-03 19:41:55+00:00,457.5,0.3,0.19,0.5,-0.82,-73.21429,86.0,100,0.4528863305664062,False,REGULAR,USD,435.9100036621094
2026-09-04,460.0,27,2026-09-04,AMAT260904C00460000,2026-09-03 19:26:36+00:00,460.0,0.23,0.16,0.31,-0.71,-75.53191,231.0,666,0.4428766650390625,False,REGULAR,USD,435.9100036621094
2026-09-04,462.5,28,2026-09-04,AMAT260904C00462500,2026-09-03 19:42:49+00:00,462.5,0.17,0.06,0.38,-0.55,-76.388885,94.0,274,0.49805189453125,False,REGULAR,USD,435.9100036621094
2026-09-04,465.0,29,2026-09-04,AMAT260904C00465000,2026-09-03 19:42:01+00:00,465.0,0.14,0.12,0.19,-0.38,-73.07693,150.0,222,0.4687553125,False,REGULAR,USD,435.9100036621094
2026-09-04,467.5,30,2026-09-04,AMAT260904C00467500,2026-09-03 19:03:48+00:00,467.5,0.1,0.05,0.21,-0.31,-75.60976,10.0,65,0.508793974609375,False,REGULAR,USD,435.9100036621094
2026-09-04,470.0,31,2026-09-04,AMAT260904C00470000,2026-09-03 19:23:46+00:00,470.0,0.09,0.02,0.18,-0.22999999,-71.87499,232.0,279,0.526371923828125,False,REGULAR,USD,435.9100036621094
2026-09-04,472.5,32,2026-09-04,AMAT260904C00472500,2026-09-03 18:01:17+00:00,472.5,0.08,0.05,0.1,-0.16,-66.66667,7.0,111,0.5097705273437501,False,REGULAR,USD,435.9100036621094
2026-09-04,475.0,33,2026-09-04,AMAT260904C00475000,2026-09-03 19:57:29+00:00,475.0,0.1,0.01,0.2,-0.080000006,-44.444447,44.0,90,0.5410202148437502,False,REGULAR,USD,435.9100036621094
2026-09-04,477.5,34,2026-09-04,AMAT260904C00477500,2026-09-03 19:29:21+00:00,477.5,0.06,0.02,0.11,-0.09,-59.999996,11.0,239,0.53320779296875,False,REGULAR,USD,435.9100036621094
2026-09-04,480.0,35,2026-09-04,AMAT260904C00480000,2026-09-03 19:50:00+00:00,480.0,0.08,0.04,0.18,-0.14,-63.636364,98.0,570,0.6015664843750002,False,REGULAR,USD,435.9100036621094
2026-09-04,482.5,36,2026-09-04,AMAT260904C00482500,2026-09-03 16:42:03+00:00,482.5,0.04,0.01,0.09,-0.050000004,-55.555557,32.0,71,0.56836369140625,False,REGULAR,USD,435.9100036621094
2026-09-04,495.0,41,2026-09-04,AMAT260904C00495000,2026-09-03 19:02:38+00:00,495.0,0.03,0.01,0.07,0.0,0.0,36.0,292,0.6757844921875001,False,REGULAR,USD,435.9100036621094
2026-09-04,500.0,43,2026-09-04,AMAT260904C00500000,2026-09-03 19:20:07+00:00,500.0,0.01,0.01,0.02,-0.02,-66.66667,70.0,339,0.6562534375000001,False,REGULAR,USD,435.9100036621094
2026-09-04,515.0,49,2026-09-04,AMAT260904C00515000,2026-09-03 18:20:31+00:00,515.0,0.05,0.01,0.09,0.020000001,66.66668,18.0,94,0.8789074609374999,False,REGULAR,USD,435.9100036621094
2026-09-04,517.5,50,2026-09-04,AMAT260904C00517500,2026-09-03 17:11:25+00:00,517.5,0.02,0.01,0.07,-0.099999994,-83.333336,44.0,95,0.8789074609374999,False,REGULAR,USD,435.9100036621094
2026-09-11,400.0,96,2026-09-11,AMAT260911C00400000,2026-09-03 18:16:20+00:00,400.0,36.95,36.5,41.05,-2.3400002,-5.955714,25.0,8,0.5395553857421876,True,REGULAR,USD,435.9100036621094
2026-09-11,420.0,99,2026-09-11,AMAT260911C00420000,2026-09-03 14:26:17+00:00,420.0,17.05,19.2,23.15,-9.440001,-35.636093,6.0,13,0.5133105310058592,True,REGULAR,USD,435.9100036621094
2026-09-11,425.0,100,2026-09-11,AMAT260911C00425000,2026-09-03 14:51:26+00:00,425.0,13.35,16.05,19.5,-11.68,-46.664,7.0,10,0.4948780981445312,True,REGULAR,USD,435.9100036621094
2026-09-11,430.0,101,2026-09-11,AMAT260911C00430000,2026-09-03 19:46:40+00:00,430.0,14.5,13.25,16.05,-4.700001,-24.479168,29.0,89,0.4749808361816406,True,REGULAR,USD,435.9100036621094
2026-09-11,435.0,102,2026-09-11,AMAT260911C00435000,2026-09-03 19:50:38+00:00,435.0,12.25,11.0,13.4,-1.5500002,-11.231885,42.0,23,0.4744315252685547,True,REGULAR,USD,435.9100036621094
2026-09-11,440.0,103,2026-09-11,AMAT260911C00440000,2026-09-03 19:54:50+00:00,440.0,9.7,8.75,10.55,-2.25,-18.828453,38.0,25,0.4552666778564453,False,REGULAR,USD,435.9100036621094
2026-09-11,445.0,104,2026-09-11,AMAT260911C00445000,2026-09-03 19:34:50+00:00,445.0,7.83,6.85,8.45,-2.04,-20.668694,46.0,68,0.4520928814697266,False,REGULAR,USD,435.9100036621094
2026-09-11,450.0,105,2026-09-11,AMAT260911C00450000,2026-09-03 19:59:23+00:00,450.0,6.23,5.65,6.85,-1.77,-22.125,74.0,87,0.4566704724121094,False,REGULAR,USD,435.9100036621094
2026-09-11,455.0,106,2026-09-11,AMAT260911C00455000,2026-09-03 19:38:16+00:00,455.0,4.6,4.0,5.6,-1.4300003,-23.714764,67.0,46,0.4649711706542969,False,REGULAR,USD,435.9100036621094
2026-09-11,457.5,107,2026-09-11,AMAT260911C00457500,2026-09-03 19:57:30+00:00,457.5,4.17,3.8,4.75,-1.5099998,-26.584503,46.0,12,0.4554497814941406,False,REGULAR,USD,435.9100036621094
2026-09-11,460.0,108,2026-09-11,AMAT260911C00460000,2026-09-03 19:57:53+00:00,460.0,3.65,3.2,3.85,-1.1599998,-24.11642,153.0,49,0.43945873046875,False,REGULAR,USD,435.9100036621094
2026-09-11,465.0,109,2026-09-11,AMAT260911C00465000,2026-09-03 19:32:35+00:00,465.0,2.6,2.3,3.7,-1.25,-32.467533,35.0,37,0.4808401525878906,False,REGULAR,USD,435.9100036621094
2026-09-11,467.5,110,2026-09-11,AMAT260911C00467500,2026-09-03 13:30:01+00:00,467.5,2.6,2.0,3.05,-1.3600001,-34.343437,1.0,35,0.4693656579589844,False,REGULAR,USD,435.9100036621094
2026-09-11,470.0,111,2026-09-11,AMAT260911C00470000,2026-09-03 19:57:29+00:00,470.0,1.95,1.78,2.2,-1.05,-34.999996,194.0,289,0.4406794213867187,False,REGULAR,USD,435.9100036621094
2026-09-11,472.5,112,2026-09-11,AMAT260911C00472500,2026-09-03 19:30:29+00:00,472.5,1.76,1.06,2.0,-1.0799999,-38.028168,49.0,46,0.4480035668945312,False,REGULAR,USD,435.9100036621094
2026-09-11,475.0,113,2026-09-11,AMAT260911C00475000,2026-09-03 19:54:20+00:00,475.0,1.61,1.5,1.85,-0.7900001,-32.916668,127.0,59,0.4575249560546875,False,REGULAR,USD,435.9100036621094
2026-09-11,477.5,114,2026-09-11,AMAT260911C00477500,2026-09-03 19:27:16+00:00,477.5,1.38,1.09,1.55,-0.65,-32.019707,15.0,8,0.4539849523925781,False,REGULAR,USD,435.9100036621094
2026-09-11,480.0,115,2026-09-11,AMAT260911C00480000,2026-09-03 19:54:05+00:00,480.0,1.17,0.8,1.47,-0.83000004,-41.500004,126.0,101,0.4660697924804688,False,REGULAR,USD,435.9100036621094
2026-09-11,482.5,116,2026-09-11,AMAT260911C00482500,2026-09-03 18:18:26+00:00,482.5,0.98,0.63,1.27,-1.1199999,-53.33333,7.0,21,0.4665580688476562,False,REGULAR,USD,435.9100036621094
2026-09-11,485.0,117,2026-09-11,AMAT260911C00485000,2026-09-03 18:00:23+00:00,485.0,0.92,0.69,1.14,-0.45999998,-33.333332,24.0,57,0.471684970703125,False,REGULAR,USD,435.9100036621094
2026-09-11,487.5,118,2026-09-11,AMAT260911C00487500,2026-09-03 15:28:53+00:00,487.5,0.81,0.59,1.0,-0.48999995,-37.692307,3.0,34,0.4741263525390625,False,REGULAR,USD,435.9100036621094
2026-09-11,490.0,119,2026-09-11,AMAT260911C00490000,2026-09-03 19:55:49+00:00,490.0,0.72,0.49,0.88,-0.36,-33.333332,67.0,272,0.4770560107421875,False,REGULAR,USD,435.9100036621094
2026-09-11,492.5,120,2026-09-11,AMAT260911C00492500,2026-09-03 17:44:05+00:00,492.5,0.55,0.24,0.98,-0.78000003,-58.646614,16.0,17,0.5046436254882812,False,REGULAR,USD,435.9100036621094
2026-09-11,495.0,121,2026-09-11,AMAT260911C00495000,2026-09-03 17:26:22+00:00,495.0,0.55,0.26,0.82,-0.22999996,-29.487175,14.0,265,0.5012256909179689,False,REGULAR,USD,435.9100036621094
2026-09-11,497.5,122,2026-09-11,AMAT260911C00497500,2026-09-03 17:25:13+00:00,497.5,0.47,0.28,0.62,-0.32000002,-40.506332,6.0,12,0.4887746435546876,False,REGULAR,USD,435.9100036621094
2026-09-11,500.0,123,2026-09-11,AMAT260911C00500000,2026-09-03 19:44:59+00:00,500.0,0.41,0.27,0.54,-0.32000002,-43.83562,104.0,441,0.4907277490234375,False,REGULAR,USD,435.9100036621094
2026-09-11,505.0,124,2026-09-11,AMAT260911C00505000,2026-09-03 16:43:58+00:00,505.0,0.35,0.2,0.42,-0.16,-31.37255,3.0,73,0.497075341796875,False,REGULAR,USD,435.9100036621094
2026-09-11,510.0,125,2026-09-11,AMAT260911C00510000,2026-09-03 15:49:56+00:00,510.0,0.25,0.1,0.53,-0.099999994,-28.571426,3.0,298,0.500005,False,REGULAR,USD,435.9100036621094
2026-09-11,515.0,126,2026-09-11,AMAT260911C00515000,2026-09-03 19:00:50+00:00,515.0,0.18,0.08,0.36,-0.13,-41.935482,33.0,29,0.5371140039062501,False,REGULAR,USD,435.9100036621094
2026-09-11,520.0,127,2026-09-11,AMAT260911C00520000,2026-09-03 19:58:44+00:00,520.0,0.16,0.1,0.42,-0.18,-52.941177,40.0,180,0.5351608984375,False,REGULAR,USD,435.9100036621094
2026-09-11,525.0,128,2026-09-11,AMAT260911C00525000,2026-09-03 19:44:54+00:00,525.0,0.11,0.07,0.18,-0.17999999,-62.068966,16.0,92,0.506840869140625,False,REGULAR,USD,435.9100036621094
2026-09-11,530.0,129,2026-09-11,AMAT260911C00530000,2026-09-03 18:13:28+00:00,530.0,0.09,0.02,0.33,-0.11,-55.0,18.0,591,0.55273884765625,False,REGULAR,USD,435.9100036621094
2026-09-11,535.0,130,2026-09-11,AMAT260911C00535000,2026-09-03 18:06:19+00:00,535.0,0.08,0.01,0.18,-0.120000005,-60.0,1.0,199,0.53320779296875,False,REGULAR,USD,435.9100036621094
2026-09-11,540.0,131,2026-09-11,AMAT260911C00540000,2026-09-03 19:37:44+00:00,540.0,0.17,0.01,0.17,0.060000002,54.545456,2.0,115,0.5507857421875001,False,REGULAR,USD,435.9100036621094
2026-09-11,545.0,132,2026-09-11,AMAT260911C00545000,2026-09-03 18:07:06+00:00,545.0,0.06,0.01,0.14,-0.16,-72.72727,3.0,38,0.5585981640625001,False,REGULAR,USD,435.9100036621094
2026-09-11,550.0,133,2026-09-11,AMAT260911C00550000,2026-09-03 19:49:04+00:00,550.0,0.07,0.02,0.13,-0.07,-50.0,24.0,85,0.5800823242187501,False,REGULAR,USD,435.9100036621094
2026-09-11,555.0,134,2026-09-11,AMAT260911C00555000,2026-09-03 15:26:33+00:00,555.0,0.05,0.01,0.27,-0.05,-50.0,2.0,32,0.6445348046875,False,REGULAR,USD,435.9100036621094
2026-09-11,565.0,136,2026-09-11,AMAT260911C00565000,2026-09-03 14:07:28+00:00,565.0,0.06,0.01,0.16,0.0,0.0,2.0,531,0.64648791015625,False,REGULAR,USD,435.9100036621094
2026-09-11,600.0,142,2026-09-11,AMAT260911C00600000,2026-09-03 19:59:31+00:00,600.0,0.05,0.01,0.05,0.030000001,150.0,292.0,223,0.6992217578125001,False,REGULAR,USD,435.9100036621094
2026-09-18,400.0,193,2026-09-18,AMAT260918C00400000,2026-09-03 19:41:02+00:00,400.0,40.42,37.55,44.55,-2.2800026,-5.3395844,6.0,677,0.5033008654785156,True,REGULAR,USD,435.9100036621094
2026-09-18,410.0,194,2026-09-18,AMAT260918C00410000,2026-09-02 16:11:34+00:00,410.0,36.3,30.8,34.35,0.0,0.0,128.0,358,0.5266770965576173,True,REGULAR,USD,435.9100036621094
2026-09-18,420.0,195,2026-09-18,AMAT260918C00420000,2026-09-03 18:18:01+00:00,420.0,25.36,24.05,27.4,-7.2299995,-22.184717,6.0,214,0.5138598419189453,True,REGULAR,USD,435.9100036621094
2026-09-18,430.0,196,2026-09-18,AMAT260918C00430000,2026-09-03 17:45:56+00:00,430.0,19.24,18.85,21.25,-1.710001,-8.162295,151.0,469,0.5018970709228516,True,REGULAR,USD,435.9100036621094
2026-09-18,440.0,197,2026-09-18,AMAT260918C00440000,2026-09-03 19:59:07+00:00,440.0,15.25,14.55,16.0,-1.7600002,-10.346856,389.0,1200,0.4914601635742188,False,REGULAR,USD,435.9100036621094
2026-09-18,445.0,198,2026-09-18,AMAT260918C00445000,2026-09-03 17:17:15+00:00,445.0,12.49,11.45,13.75,-2.1599998,-14.744026,23.0,39,0.4875539526367188,False,REGULAR,USD,435.9100036621094
2026-09-18,450.0,199,2026-09-18,AMAT260918C00450000,2026-09-03 19:22:03+00:00,450.0,10.65,10.0,12.2,-1.8500004,-14.800002,52.0,432,0.4973805145263672,False,REGULAR,USD,435.9100036621094
2026-09-18,455.0,200,2026-09-18,AMAT260918C00455000,2026-09-03 19:31:15+00:00,455.0,9.27,8.35,10.25,-1.0299997,-9.999997,9.0,71,0.4901174035644532,False,REGULAR,USD,435.9100036621094
2026-09-18,457.5,201,2026-09-18,AMAT260918C00457500,2026-09-03 13:36:21+00:00,457.5,7.02,7.55,9.35,-2.8399997,-28.803244,7.0,74,0.4863942962646485,False,REGULAR,USD,435.9100036621094
2026-09-18,460.0,202,2026-09-18,AMAT260918C00460000,2026-09-03 19:49:43+00:00,460.0,7.6,6.85,8.45,-1.4000001,-15.555557,29.0,703,0.4810232562255859,False,REGULAR,USD,435.9100036621094
2026-09-18,462.5,203,2026-09-18,AMAT260918C00462500,2026-09-03 17:44:16+00:00,462.5,6.78,6.6,8.4,-1.5700002,-18.802397,45.0,110,0.5007374145507812,False,REGULAR,USD,435.9100036621094
2026-09-18,465.0,204,2026-09-18,AMAT260918C00465000,2026-09-03 18:09:22+00:00,465.0,6.22,5.35,8.15,-1.6700001,-21.166033,61.0,22,0.5136157037353515,False,REGULAR,USD,435.9100036621094
2026-09-18,470.0,205,2026-09-18,AMAT260918C00470000,2026-09-03 19:53:01+00:00,470.0,5.35,5.05,6.75,-1.0500002,-16.406252,818.0,518,0.5069629382324219,False,REGULAR,USD,435.9100036621094
2026-09-18,472.5,206,2026-09-18,AMAT260918C00472500,2026-09-03 17:59:10+00:00,472.5,4.82,4.5,6.6,-1.73,-26.412212,7.0,6,0.5205126074218749,False,REGULAR,USD,435.9100036621094
2026-09-18,475.0,207,2026-09-18,AMAT260918C00475000,2026-09-03 18:59:27+00:00,475.0,4.2,4.35,5.0,-1.1500001,-21.495329,36.0,38,0.4805960144042969,False,REGULAR,USD,435.9100036621094
2026-09-18,477.5,208,2026-09-18,AMAT260918C00477500,2026-09-03 15:27:34+00:00,477.5,4.01,3.7,5.7,-1.1399999,-22.13592,1.0,24,0.5242357147216796,False,REGULAR,USD,435.9100036621094
2026-09-18,480.0,209,2026-09-18,AMAT260918C00480000,2026-09-03 19:38:50+00:00,480.0,3.81,3.5,4.3,-1.0900002,-22.2449,66.0,410,0.4866994689941406,False,REGULAR,USD,435.9100036621094
2026-09-18,482.5,210,2026-09-18,AMAT260918C00482500,2026-09-03 16:39:15+00:00,482.5,3.54,3.0,4.1,-0.65999985,-15.714283,9.0,18,0.4945118908691406,False,REGULAR,USD,435.9100036621094
2026-09-18,485.0,211,2026-09-18,AMAT260918C00485000,2026-09-03 19:38:29+00:00,485.0,3.35,2.8,3.7,-0.37000012,-9.946239,12.0,255,0.4928639581298829,False,REGULAR,USD,435.9100036621094
2026-09-18,487.5,212,2026-09-18,AMAT260918C00487500,2026-09-03 16:38:39+00:00,487.5,2.96,2.06,3.75,-0.78999996,-21.066668,3.0,56,0.5104419073486328,False,REGULAR,USD,435.9100036621094
2026-09-18,490.0,213,2026-09-18,AMAT260918C00490000,2026-09-03 19:33:36+00:00,490.0,2.85,2.56,4.05,-0.5500002,-16.176476,72.0,852,0.5048267291259765,False,REGULAR,USD,435.9100036621094
2026-09-18,492.5,214,2026-09-18,AMAT260918C00492500,2026-09-03 16:34:53+00:00,492.5,2.3,1.75,3.0,-1.22,-34.659092,3.0,17,0.5043994873046875,False,REGULAR,USD,435.9100036621094
2026-09-18,495.0,215,2026-09-18,AMAT260918C00495000,2026-09-03 18:38:57+00:00,495.0,2.18,2.05,3.55,-0.66999984,-23.508768,164.0,50,0.5081836291503907,False,REGULAR,USD,435.9100036621094
2026-09-18,497.5,216,2026-09-18,AMAT260918C00497500,2026-09-02 15:18:32+00:00,497.5,2.84,1.16,2.74,0.0,0.0,20.0,40,0.5188036401367188,False,REGULAR,USD,435.9100036621094
2026-09-18,500.0,217,2026-09-18,AMAT260918C00500000,2026-09-03 19:52:47+00:00,500.0,1.9,1.9,2.09,-0.7099999,-27.203064,254.0,1924,0.4948780981445312,False,REGULAR,USD,435.9100036621094
2026-09-18,502.5,218,2026-09-18,AMAT260918C00502500,2026-09-03 19:19:48+00:00,502.5,1.56,1.06,2.55,-0.60000014,-27.777784,1.0,14,0.5352829675292969,False,REGULAR,USD,435.9100036621094
2026-09-18,505.0,219,2026-09-18,AMAT260918C00505000,2026-09-03 19:19:54+00:00,505.0,1.62,1.55,1.75,-0.5100001,-23.943666,5.0,121,0.49805189453125,False,REGULAR,USD,435.9100036621094
2026-09-18,507.5,220,2026-09-18,AMAT260918C00507500,2026-09-03 14:58:03+00:00,507.5,1.38,1.17,1.76,-1.7199999,-55.483868,1.0,11,0.5111132873535156,False,REGULAR,USD,435.9100036621094
2026-09-18,510.0,221,2026-09-18,AMAT260918C00510000,2026-09-03 19:38:56+00:00,510.0,1.4,1.23,1.66,-0.33000004,-19.075146,33.0,331,0.5161181201171875,False,REGULAR,USD,435.9100036621094
2026-09-18,512.5,222,2026-09-18,AMAT260918C00512500,2026-09-03 13:57:37+00:00,512.5,1.25,1.04,1.52,-0.53,-29.77528,1.0,13,0.5174608801269531,False,REGULAR,USD,435.9100036621094
2026-09-18,515.0,223,2026-09-18,AMAT260918C00515000,2026-09-03 18:28:21+00:00,515.0,1.08,1.05,1.4,-0.44999993,-29.41176,5.0,63,0.504765694580078,False,REGULAR,USD,435.9100036621094
2026-09-18,520.0,224,2026-09-18,AMAT260918C00520000,2026-09-03 17:07:31+00:00,520.0,0.95,0.85,1.31,-0.39000005,-29.104479,100.0,1111,0.5136767382812499,False,REGULAR,USD,435.9100036621094
2026-09-18,525.0,225,2026-09-18,AMAT260918C00525000,2026-09-03 17:58:00+00:00,525.0,0.85,0.71,1.03,-0.28999996,-25.438593,55.0,78,0.5131884619140624,False,REGULAR,USD,435.9100036621094
2026-09-18,530.0,226,2026-09-18,AMAT260918C00530000,2026-09-03 18:27:45+00:00,530.0,0.74,0.59,0.89,-0.18,-19.565218,40.0,587,0.5180712255859375,False,REGULAR,USD,435.9100036621094
2026-09-18,535.0,227,2026-09-18,AMAT260918C00535000,2026-09-03 15:44:51+00:00,535.0,0.67,0.47,1.12,-0.13999999,-17.283949,1.0,30,0.5449264257812501,False,REGULAR,USD,435.9100036621094
2026-09-18,540.0,228,2026-09-18,AMAT260918C00540000,2026-09-03 17:28:57+00:00,540.0,0.53,0.51,0.6,-0.17000002,-24.285717,38.0,995,0.5307664111328125,False,REGULAR,USD,435.9100036621094
2026-09-18,550.0,229,2026-09-18,AMAT260918C00550000,2026-09-03 18:47:32+00:00,550.0,0.3,0.19,0.5,-0.19999999,-39.999996,28.0,1710,0.5275926147460939,False,REGULAR,USD,435.9100036621094
2026-09-18,560.0,230,2026-09-18,AMAT260918C00560000,2026-09-03 18:59:07+00:00,560.0,0.3,0.12,0.44,-0.07999998,-21.052628,23.0,588,0.5454147021484376,False,REGULAR,USD,435.9100036621094
2026-09-18,570.0,231,2026-09-18,AMAT260918C00570000,2026-09-03 18:59:32+00:00,570.0,0.27,0.2,0.6,-0.030000001,-10.0,27.0,472,0.6074258007812501,False,REGULAR,USD,435.9100036621094
2026-09-18,580.0,232,2026-09-18,AMAT260918C00580000,2026-09-03 18:51:23+00:00,580.0,0.18,0.1,0.25,-0.059999987,-24.999994,33.0,674,0.5732464550781251,False,REGULAR,USD,435.9100036621094
2026-09-18,590.0,233,2026-09-18,AMAT260918C00590000,2026-09-02 19:50:45+00:00,590.0,0.23,0.04,0.2,0.0,0.0,26.0,194,0.577152666015625,False,REGULAR,USD,435.9100036621094
2026-09-18,600.0,234,2026-09-18,AMAT260918C00600000,2026-09-03 19:35:57+00:00,600.0,0.12,0.11,0.14,-0.050000004,-29.411768,88.0,1428,0.6074258007812501,False,REGULAR,USD,435.9100036621094
2026-09-18,610.0,235,2026-09-18,AMAT260918C00610000,2026-09-03 19:20:32+00:00,610.0,0.1,0.03,0.37,0.009999998,11.111108,26.0,1613,0.6704134521484376,False,REGULAR,USD,435.9100036621094
2026-09-18,620.0,236,2026-09-18,AMAT260918C00620000,2026-09-03 19:24:54+00:00,620.0,0.1,0.01,0.4,-0.050000004,-33.333336,12.0,1355,0.700198310546875,False,REGULAR,USD,435.9100036621094
2026-09-18,630.0,237,2026-09-18,AMAT260918C00630000,2026-09-03 17:14:45+00:00,630.0,0.16,0.01,0.52,0.089999996,128.57143,7.0,815,0.7509790527343749,False,REGULAR,USD,435.9100036621094
2026-09-18,640.0,238,2026-09-18,AMAT260918C00640000,2026-09-03 14:27:40+00:00,640.0,0.16,0.01,0.16,0.08,100.0,1.0,1521,0.6835969140625001,False,REGULAR,USD,435.9100036621094
2026-09-18,650.0,239,2026-09-18,AMAT260918C00650000,2026-09-03 18:43:40+00:00,650.0,0.06,0.05,0.15,-0.010000002,-14.285716,24.0,915,0.72070591796875,False,REGULAR,USD,435.9100036621094
2026-09-18,670.0,241,2026-09-18,AMAT260918C00670000,2026-09-03 15:08:01+00:00,670.0,0.09,0.01,0.16,0.040000003,80.00001,1.0,155,0.75586181640625,False,REGULAR,USD,435.9100036621094
2026-09-18,680.0,242,2026-09-18,AMAT260918C00680000,2026-09-03 19:55:43+00:00,680.0,0.07,0.02,0.13,0.02,40.0,3.0,269,0.7675804492187501,False,REGULAR,USD,435.9100036621094
2026-09-18,690.0,243,2026-09-18,AMAT260918C00690000,2026-09-03 16:12:56+00:00,690.0,0.03,0.01,0.17,-0.14,-82.35294,10.0,285,0.804689453125,False,REGULAR,USD,435.9100036621094
2026-09-18,700.0,244,2026-09-18,AMAT260918C00700000,2026-09-03 19:25:23+00:00,700.0,0.05,0.03,0.05,0.020000001,66.66668,103.0,5107,0.7656273437500001,False,REGULAR,USD,435.9100036621094
2026-09-18,710.0,245,2026-09-18,AMAT260918C00710000,2026-09-03 14:51:26+00:00,710.0,0.06,0.02,0.05,0.02,50.0,1.0,490,0.7773459765625,False,REGULAR,USD,435.9100036621094
2026-09-25,380.0,269,2026-09-25,AMAT260925C00380000,2026-09-02 17:43:29+00:00,380.0,63.55,56.85,62.4,0.0,0.0,1.0,2,0.5074512145996093,True,REGULAR,USD,435.9100036621094
2026-09-25,400.0,271,2026-09-25,AMAT260925C00400000,2026-09-01 13:34:29+00:00,400.0,55.72,39.9,46.25,0.0,0.0,1.0,6,0.5782512878417969,True,REGULAR,USD,435.9100036621094
2026-09-25,415.0,272,2026-09-25,AMAT260925C00415000,2026-09-01 18:32:09+00:00,415.0,36.13,29.35,34.9,0.0,0.0,1.0,6,0.5390060748291017,True,REGULAR,USD,435.9100036621094
2026-09-25,430.0,273,2026-09-25,AMAT260925C00430000,2026-09-03 17:07:24+00:00,430.0,23.78,20.85,25.65,-8.620001,-26.604939,10.0,14,0.520939849243164,True,REGULAR,USD,435.9100036621094
2026-09-25,435.0,274,2026-09-25,AMAT260925C00435000,2026-09-03 17:27:11+00:00,435.0,20.9,18.4,22.95,-2.1000004,-9.130436,24.0,5,0.5161181201171875,True,REGULAR,USD,435.9100036621094
2026-09-25,440.0,275,2026-09-25,AMAT260925C00440000,2026-09-03 19:43:01+00:00,440.0,17.98,16.1,20.65,-1.9500008,-9.784248,79.0,8,0.5164538101196289,False,REGULAR,USD,435.9100036621094
2026-09-25,445.0,276,2026-09-25,AMAT260925C00445000,2026-09-03 19:54:45+00:00,445.0,15.85,14.75,17.6,-1.8999996,-10.704224,2.0,3,0.4955494781494141,False,REGULAR,USD,435.9100036621094
2026-09-25,450.0,277,2026-09-25,AMAT260925C00450000,2026-09-03 19:51:06+00:00,450.0,14.14,13.35,16.85,-1.9299994,-12.009953,20.0,43,0.5238084729003907,False,REGULAR,USD,435.9100036621094
2026-09-25,455.0,278,2026-09-25,AMAT260925C00455000,2026-09-03 19:51:06+00:00,455.0,12.62,11.85,13.35,-4.62,-26.798143,4.0,35,0.4837392935180664,False,REGULAR,USD,435.9100036621094
2026-09-25,460.0,279,2026-09-25,AMAT260925C00460000,2026-09-03 19:49:46+00:00,460.0,10.82,10.2,12.25,-1.8500004,-14.601423,10.0,49,0.4964344790649414,False,REGULAR,USD,435.9100036621094
2026-09-25,465.0,280,2026-09-25,AMAT260925C00465000,2026-09-03 19:05:08+00:00,465.0,9.75,7.7,12.05,-1.9099998,-16.380789,7.0,54,0.5286302020263673,False,REGULAR,USD,435.9100036621094
2026-09-25,470.0,281,2026-09-25,AMAT260925C00470000,2026-09-02 18:53:48+00:00,470.0,9.82,7.0,10.45,0.0,0.0,23.0,65,0.5229845065307617,False,REGULAR,USD,435.9100036621094
2026-09-25,475.0,282,2026-09-25,AMAT260925C00475000,2026-09-03 14:49:09+00:00,475.0,6.1,5.4,8.35,-2.3899999,-28.150764,4.0,23,0.4993946545410156,False,REGULAR,USD,435.9100036621094
2026-09-25,480.0,283,2026-09-25,AMAT260925C00480000,2026-09-03 19:22:24+00:00,480.0,6.34,5.75,7.2,-1.1999998,-15.915117,8.0,187,0.497197410888672,False,REGULAR,USD,435.9100036621094
2026-09-25,485.0,284,2026-09-25,AMAT260925C00485000,2026-09-03 19:49:03+00:00,485.0,5.35,5.05,6.1,-1.4000001,-20.740744,7.0,38,0.4925587854003906,False,REGULAR,USD,435.9100036621094
2026-09-25,490.0,285,2026-09-25,AMAT260925C00490000,2026-09-03 19:38:29+00:00,490.0,4.75,4.45,5.45,-0.8000002,-14.414416,6.0,285,0.4987843090820312,False,REGULAR,USD,435.9100036621094
2026-09-25,495.0,286,2026-09-25,AMAT260925C00495000,2026-09-03 19:44:09+00:00,495.0,4.25,3.8,6.25,-0.8499999,-16.666666,4.0,12,0.5103198382568359,False,REGULAR,USD,435.9100036621094
2026-09-25,500.0,287,2026-09-25,AMAT260925C00500000,2026-09-03 19:58:23+00:00,500.0,3.72,3.25,4.05,-0.68000007,-15.454547,20.0,300,0.4991505163574219,False,REGULAR,USD,435.9100036621094
2026-09-25,505.0,288,2026-09-25,AMAT260925C00505000,2026-09-02 14:07:01+00:00,505.0,4.31,2.64,3.8,0.0,0.0,6.0,21,0.5128222546386718,False,REGULAR,USD,435.9100036621094
2026-09-25,510.0,289,2026-09-25,AMAT260925C00510000,2026-09-03 16:09:03+00:00,510.0,2.72,2.24,3.3,-2.1699998,-44.376278,5.0,108,0.5142870837402342,False,REGULAR,USD,435.9100036621094
2026-09-25,515.0,290,2026-09-25,AMAT260925C00515000,2026-09-03 18:26:22+00:00,515.0,2.38,1.9,2.84,-0.6099999,-20.401335,7.0,51,0.514653291015625,False,REGULAR,USD,435.9100036621094
2026-09-25,520.0,291,2026-09-25,AMAT260925C00520000,2026-09-03 16:03:45+00:00,520.0,2.08,1.81,2.46,-0.47000003,-18.431374,4.0,47,0.5162401892089843,False,REGULAR,USD,435.9100036621094
2026-09-25,525.0,292,2026-09-25,AMAT260925C00525000,2026-09-03 18:26:22+00:00,525.0,1.85,1.49,2.16,-0.06999993,-3.64583,9.0,51,0.5196581237792968,False,REGULAR,USD,435.9100036621094
2026-09-25,530.0,293,2026-09-25,AMAT260925C00530000,2026-09-03 15:02:41+00:00,530.0,2.0,1.39,2.08,-0.1500001,-6.9767485,1.0,49,0.5127001855468749,False,REGULAR,USD,435.9100036621094
2026-09-25,535.0,294,2026-09-25,AMAT260925C00535000,2026-09-03 18:58:13+00:00,535.0,1.54,1.15,1.68,-0.26999998,-14.917127,10.0,38,0.5085498364257812,False,REGULAR,USD,435.9100036621094
2026-09-25,540.0,295,2026-09-25,AMAT260925C00540000,2026-09-02 17:37:24+00:00,540.0,1.63,1.0,1.84,0.0,0.0,12.0,106,0.5266160620117188,False,REGULAR,USD,435.9100036621094
2026-09-25,545.0,296,2026-09-25,AMAT260925C00545000,2026-09-03 18:38:56+00:00,545.0,1.08,0.82,1.75,-0.61,-36.094673,1.0,14,0.53320779296875,False,REGULAR,USD,435.9100036621094
2026-09-25,550.0,297,2026-09-25,AMAT260925C00550000,2026-09-03 14:12:15+00:00,550.0,0.93,0.76,1.26,-0.33999997,-26.77165,2.0,76,0.52539537109375,False,REGULAR,USD,435.9100036621094
2026-09-25,555.0,298,2026-09-25,AMAT260925C00555000,2026-09-02 17:41:01+00:00,555.0,1.45,0.5,1.2,0.0,0.0,1.0,15,0.5249070947265625,False,REGULAR,USD,435.9100036621094
2026-09-25,560.0,299,2026-09-25,AMAT260925C00560000,2026-09-03 18:38:51+00:00,560.0,0.76,0.58,0.85,-0.47000003,-38.211384,12.0,29,0.5246629565429688,False,REGULAR,USD,435.9100036621094
2026-09-25,565.0,300,2026-09-25,AMAT260925C00565000,2026-09-03 17:35:21+00:00,565.0,0.74,0.31,1.11,-0.5,-40.32258,1.0,28,0.5390671093750001,False,REGULAR,USD,435.9100036621094
2026-09-25,570.0,301,2026-09-25,AMAT260925C00570000,2026-09-03 15:13:46+00:00,570.0,0.76,0.31,1.15,-0.16000003,-17.391306,2.0,21,0.5566450585937501,False,REGULAR,USD,435.9100036621094
2026-09-25,575.0,302,2026-09-25,AMAT260925C00575000,2026-09-03 15:11:46+00:00,575.0,0.47,0.26,1.13,-0.5899999,-55.660374,4.0,121,0.5666547241210937,False,REGULAR,USD,435.9100036621094
2026-09-25,580.0,303,2026-09-25,AMAT260925C00580000,2026-09-03 16:03:13+00:00,580.0,0.45,0.26,0.71,-0.13,-22.413794,8.0,24,0.5493209130859377,False,REGULAR,USD,435.9100036621094
2026-09-25,585.0,304,2026-09-25,AMAT260925C00585000,2026-09-02 17:43:05+00:00,585.0,0.86,0.21,0.97,0.0,0.0,1.0,129,0.5800823242187501,False,REGULAR,USD,435.9100036621094
2026-09-25,590.0,305,2026-09-25,AMAT260925C00590000,2026-09-03 16:03:03+00:00,590.0,0.61,0.16,0.65,0.060000002,10.909091,1.0,57,0.561527822265625,False,REGULAR,USD,435.9100036621094
2026-09-25,600.0,306,2026-09-25,AMAT260925C00600000,2026-09-03 17:31:21+00:00,600.0,0.46,0.16,0.7,-0.29,-38.666668,6.0,119,0.5927775097656252,False,REGULAR,USD,435.9100036621094
2026-09-25,605.0,307,2026-09-25,AMAT260925C00605000,2026-08-27 14:34:11+00:00,605.0,2.86,0.12,0.76,0.0,0.0,4.0,9,0.6074258007812501,False,REGULAR,USD,435.9100036621094
2026-09-25,610.0,308,2026-09-25,AMAT260925C00610000,2026-08-28 15:48:30+00:00,610.0,1.5,0.01,1.29,0.0,0.0,1.0,19,0.6567417138671876,False,REGULAR,USD,435.9100036621094
2026-09-25,615.0,309,2026-09-25,AMAT260925C00615000,2026-08-28 14:11:32+00:00,615.0,2.26,0.02,0.66,0.0,0.0,2.0,73,0.6108437353515627,False,REGULAR,USD,435.9100036621094
2026-09-25,620.0,310,2026-09-25,AMAT260925C00620000,2026-08-28 14:11:40+00:00,620.0,1.91,0.11,0.77,0.0,0.0,1.0,25,0.6450230810546875,False,REGULAR,USD,435.9100036621094
2026-09-25,625.0,311,2026-09-25,AMAT260925C00625000,2026-09-03 19:08:20+00:00,625.0,0.22,0.01,1.22,-0.62,-73.809525,2.0,7,0.6899445068359377,False,REGULAR,USD,435.9100036621094
2026-09-25,630.0,312,2026-09-25,AMAT260925C00630000,2026-08-31 16:00:35+00:00,630.0,0.7,0.03,0.49,0.0,0.0,2.0,14,0.6245154736328126,False,REGULAR,USD,435.9100036621094
2026-09-25,640.0,313,2026-09-25,AMAT260925C00640000,2026-09-01 13:34:06+00:00,640.0,0.83,0.01,1.17,0.0,0.0,1.0,4,0.7226590234375,False,REGULAR,USD,435.9100036621094
2026-09-25,665.0,315,2026-09-25,AMAT260925C00665000,2026-08-28 18:42:18+00:00,665.0,0.4,0.01,0.85,0.0,0.0,1.0,217,0.7485376708984376,False,REGULAR,USD,435.9100036621094
2026-10-02,390.0,324,2026-10-02,AMAT261002C00390000,2026-09-02 16:34:06+00:00,390.0,55.93,50.15,55.8,0.0,0.0,1.0,3,0.5690961059570312,True,REGULAR,USD,435.9100036621094
2026-10-02,410.0,325,2026-10-02,AMAT261002C00410000,2026-09-02 15:49:16+00:00,410.0,41.0,36.35,40.9,0.0,0.0,1.0,2,0.536259520263672,True,REGULAR,USD,435.9100036621094
2026-10-02,420.0,326,2026-10-02,AMAT261002C00420000,2026-09-03 15:11:14+00:00,420.0,31.0,30.05,34.05,-4.450001,-12.552893,1.0,3,0.5174608801269531,True,REGULAR,USD,435.9100036621094
2026-10-02,425.0,327,2026-10-02,AMAT261002C00425000,2026-09-02 13:52:10+00:00,425.0,30.81,26.9,31.45,0.0,0.0,1.0,2,0.5210008837890624,True,REGULAR,USD,435.9100036621094
2026-10-02,435.0,328,2026-10-02,AMAT261002C00435000,2026-09-02 18:13:55+00:00,435.0,25.75,22.85,26.5,0.0,0.0,4.0,8,0.5233507138061523,True,REGULAR,USD,435.9100036621094
2026-10-02,440.0,329,2026-10-02,AMAT261002C00440000,2026-09-03 17:32:19+00:00,440.0,22.2,20.55,23.5,-1.3599987,-5.7724905,14.0,52,0.5093432855224609,False,REGULAR,USD,435.9100036621094
2026-10-02,450.0,330,2026-10-02,AMAT261002C00450000,2026-09-03 17:01:23+00:00,450.0,17.67,16.45,18.65,-1.3299999,-7.0,5.0,10,0.4952443054199219,False,REGULAR,USD,435.9100036621094
2026-10-02,460.0,331,2026-10-02,AMAT261002C00460000,2026-09-03 18:00:05+00:00,460.0,13.75,13.15,15.55,-1.6300001,-10.598181,8.0,302,0.5046436254882812,False,REGULAR,USD,435.9100036621094
2026-10-02,465.0,332,2026-10-02,AMAT261002C00465000,2026-09-03 17:14:37+00:00,465.0,12.45,11.4,13.5,-1.2799997,-9.322649,8.0,7,0.494420339050293,False,REGULAR,USD,435.9100036621094
2026-10-02,470.0,333,2026-10-02,AMAT261002C00470000,2026-09-03 17:14:37+00:00,470.0,11.2,10.45,12.3,-2.4499998,-17.948717,11.0,10,0.499577758178711,False,REGULAR,USD,435.9100036621094
2026-10-02,475.0,334,2026-10-02,AMAT261002C00475000,2026-09-03 18:56:45+00:00,475.0,10.2,8.7,12.65,-1.3000002,-11.304349,4.0,75,0.5374802111816408,False,REGULAR,USD,435.9100036621094
2026-10-02,480.0,335,2026-10-02,AMAT261002C00480000,2026-09-03 18:55:44+00:00,480.0,8.95,7.9,10.0,-1.0500002,-10.500002,7.0,79,0.5046741427612305,False,REGULAR,USD,435.9100036621094
2026-10-02,485.0,336,2026-10-02,AMAT261002C00485000,2026-09-03 17:11:00+00:00,485.0,7.85,7.25,8.7,-0.80999994,-9.353348,23.0,63,0.499577758178711,False,REGULAR,USD,435.9100036621094
2026-10-02,490.0,337,2026-10-02,AMAT261002C00490000,2026-09-03 19:59:02+00:00,490.0,7.14,6.35,7.65,-1.2100005,-14.491024,18.0,20,0.4978687908935547,False,REGULAR,USD,435.9100036621094
2026-10-02,495.0,338,2026-10-02,AMAT261002C00495000,2026-09-03 16:29:27+00:00,495.0,6.0,5.4,6.65,-1.1999998,-16.666664,5.0,53,0.4946339599609375,False,REGULAR,USD,435.9100036621094
2026-10-02,500.0,339,2026-10-02,AMAT261002C00500000,2026-09-03 19:11:47+00:00,500.0,5.55,5.05,6.55,-0.9499998,-14.615382,12.0,58,0.5149584637451172,False,REGULAR,USD,435.9100036621094
2026-10-02,505.0,340,2026-10-02,AMAT261002C00505000,2026-09-03 15:42:45+00:00,505.0,5.05,4.35,6.85,-1.8499999,-26.811592,14.0,41,0.508793974609375,False,REGULAR,USD,435.9100036621094
2026-10-02,510.0,341,2026-10-02,AMAT261002C00510000,2026-09-03 18:55:44+00:00,510.0,4.45,3.75,7.0,-0.9000001,-16.822432,7.0,151,0.5230760583496092,False,REGULAR,USD,435.9100036621094
2026-10-02,515.0,342,2026-10-02,AMAT261002C00515000,2026-09-03 15:38:51+00:00,515.0,4.05,3.35,4.55,-2.6499996,-39.552235,10.0,40,0.5159960510253907,False,REGULAR,USD,435.9100036621094
2026-10-02,520.0,343,2026-10-02,AMAT261002C00520000,2026-09-03 15:13:54+00:00,520.0,3.62,1.49,3.95,-0.6600003,-15.4205675,6.0,27,0.5138598419189453,False,REGULAR,USD,435.9100036621094
2026-10-02,525.0,344,2026-10-02,AMAT261002C00525000,2026-09-03 17:06:14+00:00,525.0,3.21,2.78,5.5,-1.54,-32.42105,2.0,33,0.5401046966552736,False,REGULAR,USD,435.9100036621094
2026-10-02,530.0,345,2026-10-02,AMAT261002C00530000,2026-09-03 16:50:57+00:00,530.0,2.97,2.3,3.35,-1.6800001,-36.129032,11.0,43,0.5042774182128906,False,REGULAR,USD,435.9100036621094
2026-10-02,535.0,346,2026-10-02,AMAT261002C00535000,2026-09-03 17:35:21+00:00,535.0,2.59,2.08,3.25,-0.61000013,-19.062504,1.0,21,0.5141039801025391,False,REGULAR,USD,435.9100036621094
2026-10-02,540.0,347,2026-10-02,AMAT261002C00540000,2026-08-31 18:24:39+00:00,540.0,5.73,1.92,2.89,0.0,0.0,9.0,38,0.5180712255859375,False,REGULAR,USD,435.9100036621094
2026-10-02,545.0,348,2026-10-02,AMAT261002C00545000,2026-09-03 18:53:48+00:00,545.0,2.15,1.63,2.7,-10.549999,-83.07086,1.0,38,0.5217332983398437,False,REGULAR,USD,435.9100036621094
2026-10-02,550.0,349,2026-10-02,AMAT261002C00550000,2026-09-03 18:28:09+00:00,550.0,1.91,1.65,2.27,-3.44,-64.299065,2.0,61,0.5258836474609375,False,REGULAR,USD,435.9100036621094
2026-10-02,555.0,350,2026-10-02,AMAT261002C00555000,2026-09-02 17:50:15+00:00,555.0,2.22,0.88,2.38,0.0,0.0,1.0,21,0.5205126074218749,False,REGULAR,USD,435.9100036621094
2026-10-02,560.0,351,2026-10-02,AMAT261002C00560000,2026-09-03 19:06:13+00:00,560.0,1.66,1.28,2.03,-0.34000003,-17.000002,2.0,32,0.5369919348144532,False,REGULAR,USD,435.9100036621094
2026-10-02,590.0,352,2026-10-02,AMAT261002C00590000,2026-09-01 14:39:53+00:00,590.0,1.35,0.36,1.73,0.0,0.0,30.0,62,0.5710492114257812,False,REGULAR,USD,435.9100036621094
2026-10-02,620.0,353,2026-10-02,AMAT261002C00620000,2026-09-03 15:18:36+00:00,620.0,0.54,0.24,0.98,-0.90000004,-62.499996,2.0,41,0.5922892333984376,False,REGULAR,USD,435.9100036621094
2026-10-02,625.0,354,2026-10-02,AMAT261002C00625000,2026-08-28 19:27:52+00:00,625.0,1.95,0.14,1.17,0.0,0.0,1.0,33,0.6098671826171876,False,REGULAR,USD,435.9100036621094
2026-10-02,675.0,355,2026-10-02,AMAT261002C00675000,2026-08-31 17:05:48+00:00,675.0,0.51,0.04,0.67,0.0,0.0,2.0,17,0.65820654296875,False,REGULAR,USD,435.9100036621094
2026-10-16,350.0,381,2026-10-16,AMAT261016C00350000,2026-08-28 19:55:04+00:00,350.0,115.5,87.55,95.2,0.0,0.0,5.0,173,0.5791668060302735,True,REGULAR,USD,435.9100036621094
2026-10-16,370.0,383,2026-10-16,AMAT261016C00370000,2026-09-02 13:52:05+00:00,370.0,74.1,70.0,77.35,0.0,0.0,1.0,59,0.536259520263672,True,REGULAR,USD,435.9100036621094
2026-10-16,380.0,384,2026-10-16,AMAT261016C00380000,2026-09-03 15:48:19+00:00,380.0,65.96,61.95,69.15,-56.43,-46.10671,2.0,40,0.5245408874511719,True,REGULAR,USD,435.9100036621094
2026-10-16,390.0,385,2026-10-16,AMAT261016C00390000,2026-09-03 15:48:19+00:00,390.0,58.4,55.5,60.45,-2.3099976,-3.8049705,1.0,97,0.5170946728515625,True,REGULAR,USD,435.9100036621094
2026-10-16,400.0,386,2026-10-16,AMAT261016C00400000,2026-09-03 19:57:23+00:00,400.0,51.8,50.0,55.35,-1.5300026,-2.8689342,1.0,90,0.5455367712402344,True,REGULAR,USD,435.9100036621094
2026-10-16,410.0,387,2026-10-16,AMAT261016C00410000,2026-09-03 19:24:34+00:00,410.0,44.97,42.0,46.55,-1.2299995,-2.6623366,1.0,80,0.5047962118530273,True,REGULAR,USD,435.9100036621094
2026-10-16,420.0,388,2026-10-16,AMAT261016C00420000,2026-09-03 19:24:34+00:00,420.0,38.97,36.25,40.15,-2.459999,-5.937724,10.0,185,0.5331772756958008,True,REGULAR,USD,435.9100036621094
2026-10-16,430.0,389,2026-10-16,AMAT261016C00430000,2026-09-03 18:35:58+00:00,430.0,33.0,32.0,36.25,-2.0800018,-5.9293094,76.0,113,0.5189257092285156,True,REGULAR,USD,435.9100036621094
2026-10-16,440.0,390,2026-10-16,AMAT261016C00440000,2026-09-03 18:13:53+00:00,440.0,27.91,27.45,30.25,-2.5900002,-8.491803,78.0,628,0.5092212164306642,False,REGULAR,USD,435.9100036621094
2026-10-16,450.0,391,2026-10-16,AMAT261016C00450000,2026-09-03 19:55:56+00:00,450.0,24.48,23.8,25.3,-1.4200001,-5.4826255,194.0,351,0.5073596627807617,False,REGULAR,USD,435.9100036621094
2026-10-16,460.0,392,2026-10-16,AMAT261016C00460000,2026-09-03 18:21:49+00:00,460.0,20.2,19.6,21.9,-1.6999989,-7.762552,26.0,228,0.5057117300415038,False,REGULAR,USD,435.9100036621094
2026-10-16,470.0,393,2026-10-16,AMAT261016C00470000,2026-09-03 19:42:29+00:00,470.0,17.0,17.2,18.55,-1.25,-6.849315,80.0,203,0.5122119091796875,False,REGULAR,USD,435.9100036621094
2026-10-16,480.0,394,2026-10-16,AMAT261016C00480000,2026-09-03 19:37:59+00:00,480.0,14.5,14.35,15.4,-0.8000002,-5.2287593,111.0,384,0.5092212164306642,False,REGULAR,USD,435.9100036621094
2026-10-16,490.0,395,2026-10-16,AMAT261016C00490000,2026-09-03 17:23:09+00:00,490.0,12.0,12.0,13.15,-1.1499996,-8.745244,58.0,365,0.5120898400878906,False,REGULAR,USD,435.9100036621094
2026-10-16,500.0,396,2026-10-16,AMAT261016C00500000,2026-09-03 19:57:41+00:00,500.0,10.35,10.15,11.15,-0.5799999,-5.306495,103.0,1339,0.5159350164794922,False,REGULAR,USD,435.9100036621094
2026-10-16,510.0,397,2026-10-16,AMAT261016C00510000,2026-09-03 19:42:29+00:00,510.0,8.45,8.55,9.55,-1.0200005,-10.77086,49.0,147,0.5207262283325195,False,REGULAR,USD,435.9100036621094
2026-10-16,520.0,398,2026-10-16,AMAT261016C00520000,2026-09-03 19:18:49+00:00,520.0,7.2,7.0,7.75,-0.72000027,-9.090913,66.0,783,0.5178576046752931,False,REGULAR,USD,435.9100036621094
2026-10-16,530.0,399,2026-10-16,AMAT261016C00530000,2026-09-03 19:16:29+00:00,530.0,6.45,5.8,6.9,0.0,0.0,11.0,58,0.5254564056396485,False,REGULAR,USD,435.9100036621094
2026-10-16,540.0,400,2026-10-16,AMAT261016C00540000,2026-09-03 18:50:09+00:00,540.0,5.1,4.9,6.65,-0.5500002,-9.734516,53.0,1032,0.5414779739379885,False,REGULAR,USD,435.9100036621094
2026-10-16,550.0,401,2026-10-16,AMAT261016C00550000,2026-09-03 19:31:51+00:00,550.0,4.37,4.15,4.55,-0.46000004,-9.52381,50.0,156,0.5277146838378908,False,REGULAR,USD,435.9100036621094
2026-10-16,560.0,402,2026-10-16,AMAT261016C00560000,2026-09-03 19:32:17+00:00,560.0,3.7,3.35,4.45,-0.47999978,-11.483249,32.0,1098,0.540287800292969,False,REGULAR,USD,435.9100036621094
2026-10-16,570.0,403,2026-10-16,AMAT261016C00570000,2026-09-03 19:31:51+00:00,570.0,3.19,2.75,3.5,-0.32999992,-9.374998,18.0,103,0.537236072998047,False,REGULAR,USD,435.9100036621094
2026-10-16,580.0,404,2026-10-16,AMAT261016C00580000,2026-09-03 15:59:22+00:00,580.0,2.64,2.38,3.1,-0.40999985,-13.442618,7.0,704,0.5458419439697266,False,REGULAR,USD,435.9100036621094
2026-10-16,590.0,405,2026-10-16,AMAT261016C00590000,2026-09-03 15:18:36+00:00,590.0,2.34,2.05,2.8,-0.32000017,-12.030081,2.0,22,0.5550581604003908,False,REGULAR,USD,435.9100036621094
2026-10-16,600.0,406,2026-10-16,AMAT261016C00600000,2026-09-03 19:41:46+00:00,600.0,2.05,1.85,2.19,-0.6600001,-24.354246,55.0,1497,0.556767127685547,False,REGULAR,USD,435.9100036621094
2026-10-16,610.0,407,2026-10-16,AMAT261016C00610000,2026-09-03 19:41:46+00:00,610.0,1.75,1.42,2.05,-0.6500001,-27.083336,5.0,415,0.5618940295410157,False,REGULAR,USD,435.9100036621094
2026-10-16,620.0,408,2026-10-16,AMAT261016C00620000,2026-09-02 19:50:01+00:00,620.0,1.77,1.11,1.87,0.0,0.0,11.0,282,0.5666547241210937,False,REGULAR,USD,435.9100036621094
2026-10-16,630.0,409,2026-10-16,AMAT261016C00630000,2026-09-03 15:27:20+00:00,630.0,1.25,0.85,1.62,-0.30999994,-19.871792,18.0,533,0.5677533459472657,False,REGULAR,USD,435.9100036621094
2026-10-16,640.0,410,2026-10-16,AMAT261016C00640000,2026-09-03 17:20:02+00:00,640.0,1.18,1.0,1.37,-0.35000002,-22.87582,1.0,296,0.582889913330078,False,REGULAR,USD,435.9100036621094
2026-10-16,660.0,411,2026-10-16,AMAT261016C00660000,2026-09-03 15:26:05+00:00,660.0,1.2,0.57,1.17,0.13,12.149532,1.0,385,0.5900919897460939,False,REGULAR,USD,435.9100036621094
2026-10-16,680.0,412,2026-10-16,AMAT261016C00680000,2026-09-03 17:06:49+00:00,680.0,0.75,0.35,1.14,-0.13,-14.772727,4.0,395,0.6101113208007813,False,REGULAR,USD,435.9100036621094
2026-10-16,700.0,413,2026-10-16,AMAT261016C00700000,2026-09-03 18:34:02+00:00,700.0,0.62,0.5,0.81,-0.06999999,-10.144926,21.0,249,0.63086306640625,False,REGULAR,USD,435.9100036621094
2026-10-16,710.0,414,2026-10-16,AMAT261016C00710000,2026-09-02 17:10:43+00:00,710.0,0.62,0.07,1.23,0.0,0.0,2.0,555,0.6457554956054687,False,REGULAR,USD,435.9100036621094
2026-10-16,720.0,415,2026-10-16,AMAT261016C00720000,2026-09-02 17:11:05+00:00,720.0,0.59,0.15,1.41,0.0,0.0,1.0,200,0.6784700122070313,False,REGULAR,USD,435.9100036621094
2026-10-16,730.0,416,2026-10-16,AMAT261016C00730000,2026-09-03 16:17:47+00:00,730.0,0.76,0.06,1.23,0.089999974,13.432831,1.0,162,0.6752962158203126,False,REGULAR,USD,435.9100036621094
2026-10-16,740.0,417,2026-10-16,AMAT261016C00740000,2026-08-31 14:34:09+00:00,740.0,1.07,0.07,1.15,0.0,0.0,1.0,104,0.6848176049804688,False,REGULAR,USD,435.9100036621094
2026-10-16,750.0,418,2026-10-16,AMAT261016C00750000,2026-09-03 15:41:40+00:00,750.0,0.44,0.17,0.44,0.06999999,18.918917,5.0,517,0.64062859375,False,REGULAR,USD,435.9100036621094
2026-10-16,760.0,419,2026-10-16,AMAT261016C00760000,2026-09-02 14:51:46+00:00,760.0,0.52,0.09,0.76,0.0,0.0,1.0,366,0.6806672558593752,False,REGULAR,USD,435.9100036621094
2026-10-16,780.0,420,2026-10-16,AMAT261016C00780000,2026-09-03 14:34:28+00:00,780.0,0.19,0.15,0.6,-1.19,-86.23188,2.0,211,0.6967803759765626,False,REGULAR,USD,435.9100036621094
2026-10-16,820.0,422,2026-10-16,AMAT261016C00820000,2026-09-03 13:33:13+00:00,820.0,0.25,0.01,0.89,0.099999994,66.66666,1.0,115,0.76367423828125,False,REGULAR,USD,435.9100036621094
2026-10-16,840.0,423,2026-10-16,AMAT261016C00840000,2026-09-03 16:55:52+00:00,840.0,0.22,0.02,0.47,0.11,100.0,2.0,110,0.73437765625,False,REGULAR,USD,435.9100036621094
2026-10-16,880.0,424,2026-10-16,AMAT261016C00880000,2026-09-03 13:33:07+00:00,880.0,0.18,0.02,0.4,0.080000006,80.00001,1.0,330,0.7661156201171876,False,REGULAR,USD,435.9100036621094
2026-10-16,890.0,425,2026-10-16,AMAT261016C00890000,2026-09-02 18:28:10+00:00,890.0,0.1,0.01,0.48,0.0,0.0,2.0,129,0.7895528857421875,False,REGULAR,USD,435.9100036621094
2026-10-16,900.0,426,2026-10-16,AMAT261016C00900000,2026-09-02 18:27:45+00:00,900.0,0.16,0.01,0.52,0.059999995,59.999996,1.0,122,0.80664255859375,False,REGULAR,USD,435.9100036621094
2026-10-16,1000.0,433,2026-10-16,AMAT261016C01000000,2026-09-03 14:33:43+00:00,1000.0,0.08,0.03,0.37,-0.08,-50.0,1.0,732,0.8798840136718749,False,REGULAR,USD,435.9100036621094
2026-11-20,330.0,461,2026-11-20,AMAT261120C00330000,2026-09-03 13:30:02+00:00,330.0,113.75,113.1,118.25,-105.91,-48.215424,1.0,27,0.6219215054321289,True,REGULAR,USD,435.9100036621094
2026-11-20,350.0,463,2026-11-20,AMAT261120C00350000,2026-08-28 18:48:41+00:00,350.0,124.0,95.35,103.45,0.0,0.0,2.0,50,0.6026040716552736,True,REGULAR,USD,435.9100036621094
2026-11-20,360.0,464,2026-11-20,AMAT261120C00360000,2026-08-28 18:48:41+00:00,360.0,115.82,87.6,95.6,0.0,0.0,1.0,36,0.5926859579467775,True,REGULAR,USD,435.9100036621094
2026-11-20,380.0,466,2026-11-20,AMAT261120C00380000,2026-09-03 14:05:23+00:00,380.0,71.54,75.1,81.05,-5.659996,-7.3316016,2.0,226,0.5925944061279298,True,REGULAR,USD,435.9100036621094
2026-11-20,390.0,467,2026-11-20,AMAT261120C00390000,2026-09-02 14:43:32+00:00,390.0,73.98,66.25,72.35,0.0,0.0,1.0,135,0.5559431613159181,True,REGULAR,USD,435.9100036621094
2026-11-20,400.0,468,2026-11-20,AMAT261120C00400000,2026-09-03 13:52:47+00:00,400.0,62.83,61.55,66.9,-29.75,-32.13437,2.0,197,0.5685773123168946,True,REGULAR,USD,435.9100036621094
2026-11-20,410.0,469,2026-11-20,AMAT261120C00410000,2026-09-01 19:23:52+00:00,410.0,63.7,55.65,61.6,0.0,0.0,2.0,108,0.5683026568603515,True,REGULAR,USD,435.9100036621094
2026-11-20,420.0,470,2026-11-20,AMAT261120C00420000,2026-09-03 16:51:31+00:00,420.0,52.8,48.5,56.85,-1.7000008,-3.1192675,39.0,120,0.558872819519043,True,REGULAR,USD,435.9100036621094
2026-11-20,430.0,471,2026-11-20,AMAT261120C00430000,2026-09-03 17:10:48+00:00,430.0,47.6,46.25,50.0,-1.9300003,-3.896629,18.0,230,0.56290109954834,True,REGULAR,USD,435.9100036621094
2026-11-20,440.0,472,2026-11-20,AMAT261120C00440000,2026-09-03 19:54:45+00:00,440.0,43.7,40.7,44.2,-1.2000008,-2.6726074,2662.0,214,0.5484664294433594,False,REGULAR,USD,435.9100036621094
2026-11-20,450.0,473,2026-11-20,AMAT261120C00450000,2026-09-03 17:02:14+00:00,450.0,38.38,37.85,39.2,-2.0,-4.9529467,1592.0,1592,0.5515486740112305,False,REGULAR,USD,435.9100036621094
2026-11-20,460.0,474,2026-11-20,AMAT261120C00460000,2026-09-03 18:43:58+00:00,460.0,34.6,34.15,38.4,-1.4000015,-3.8888931,74.0,100,0.5712628323364258,False,REGULAR,USD,435.9100036621094
2026-11-20,470.0,475,2026-11-20,AMAT261120C00470000,2026-09-03 16:48:41+00:00,470.0,31.3,29.85,34.25,-1.0499992,-3.2457473,12.0,84,0.5626417027282715,False,REGULAR,USD,435.9100036621094
2026-11-20,480.0,476,2026-11-20,AMAT261120C00480000,2026-09-03 17:49:33+00:00,480.0,27.6,26.4,31.45,-1.3500004,-4.6632133,21.0,375,0.5639997213745118,False,REGULAR,USD,435.9100036621094
2026-11-20,490.0,477,2026-11-20,AMAT261120C00490000,2026-09-03 19:38:30+00:00,490.0,25.0,23.45,26.8,-1.6499996,-6.1913686,81.0,1328,0.5529982444763184,False,REGULAR,USD,435.9100036621094
2026-11-20,500.0,478,2026-11-20,AMAT261120C00500000,2026-09-03 19:59:36+00:00,500.0,22.55,20.95,25.4,-1.1800003,-4.97261,156.0,572,0.5626111854553224,False,REGULAR,USD,435.9100036621094
2026-11-20,520.0,479,2026-11-20,AMAT261120C00520000,2026-09-03 19:15:24+00:00,520.0,18.0,17.35,18.75,-1.0,-5.263158,61.0,1108,0.5558821267700197,False,REGULAR,USD,435.9100036621094
2026-11-20,540.0,480,2026-11-20,AMAT261120C00540000,2026-09-03 16:31:50+00:00,540.0,13.97,14.1,15.0,-1.2799997,-8.39344,13.0,561,0.5600935104370117,False,REGULAR,USD,435.9100036621094
2026-11-20,560.0,481,2026-11-20,AMAT261120C00560000,2026-09-03 18:02:14+00:00,560.0,11.3,11.3,12.65,-1.25,-9.960159,2.0,335,0.5686688641357422,False,REGULAR,USD,435.9100036621094
2026-11-20,580.0,482,2026-11-20,AMAT261120C00580000,2026-09-03 18:51:50+00:00,580.0,9.85,9.1,10.9,-0.09999943,-1.0050194,4.0,292,0.5791668060302735,False,REGULAR,USD,435.9100036621094
2026-11-20,600.0,483,2026-11-20,AMAT261120C00600000,2026-09-03 19:25:58+00:00,600.0,7.62,7.45,8.3,-0.77999973,-9.285711,65.0,433,0.5783733569335938,False,REGULAR,USD,435.9100036621094
2026-11-20,610.0,484,2026-11-20,AMAT261120C00610000,2026-09-03 14:34:30+00:00,610.0,6.27,5.2,7.7,-1.1199999,-15.155614,3.0,510,0.5656171368408205,False,REGULAR,USD,435.9100036621094
2026-11-20,620.0,485,2026-11-20,AMAT261120C00620000,2026-09-03 19:00:25+00:00,620.0,6.17,4.25,8.45,-0.5499997,-8.18452,18.0,729,0.581882843322754,False,REGULAR,USD,435.9100036621094
2026-11-20,630.0,486,2026-11-20,AMAT261120C00630000,2026-09-03 19:25:19+00:00,630.0,6.3,5.35,6.2,0.20000029,3.2786932,10.0,331,0.5854838815307617,False,REGULAR,USD,435.9100036621094
2026-11-20,640.0,487,2026-11-20,AMAT261120C00640000,2026-09-03 16:51:21+00:00,640.0,5.15,4.65,5.95,-0.8499999,-14.166665,14.0,378,0.5902140588378908,False,REGULAR,USD,435.9100036621094
2026-11-20,660.0,488,2026-11-20,AMAT261120C00660000,2026-09-03 19:21:06+00:00,660.0,4.5,2.83,4.5,-0.28999996,-6.054279,10.0,517,0.5731854205322267,False,REGULAR,USD,435.9100036621094
2026-11-20,680.0,489,2026-11-20,AMAT261120C00680000,2026-09-03 19:21:06+00:00,680.0,4.1,3.55,4.15,-0.20000029,-4.6511693,5.0,1430,0.6098671826171876,False,REGULAR,USD,435.9100036621094
2026-11-20,700.0,490,2026-11-20,AMAT261120C00700000,2026-09-03 15:12:43+00:00,700.0,2.9,2.65,3.6,-0.89999986,-23.684206,6.0,217,0.6122475299072268,False,REGULAR,USD,435.9100036621094
2026-11-20,710.0,491,2026-11-20,AMAT261120C00710000,2026-09-02 19:55:46+00:00,710.0,3.7,2.4,3.3,0.0,0.0,2.0,142,0.6148109808349609,False,REGULAR,USD,435.9100036621094
2026-11-20,720.0,492,2026-11-20,AMAT261120C00720000,2026-09-03 17:52:24+00:00,720.0,2.61,2.06,3.1,-0.3000002,-10.309284,3.0,154,0.6164589135742189,False,REGULAR,USD,435.9100036621094
2026-11-20,730.0,493,2026-11-20,AMAT261120C00730000,2026-09-02 19:55:46+00:00,730.0,3.2,1.64,2.83,0.0,0.0,2.0,154,0.6130409790039064,False,REGULAR,USD,435.9100036621094
2026-11-20,740.0,494,2026-11-20,AMAT261120C00740000,2026-09-03 14:31:37+00:00,740.0,2.5,1.67,2.65,0.049999952,2.0408144,1.0,132,0.6218299536132813,False,REGULAR,USD,435.9100036621094
2026-11-20,750.0,495,2026-11-20,AMAT261120C00750000,2026-09-03 14:32:31+00:00,750.0,1.95,1.49,2.48,-0.78999996,-28.832117,12.0,375,0.6247596118164063,False,REGULAR,USD,435.9100036621094
2026-11-20,760.0,496,2026-11-20,AMAT261120C00760000,2026-09-03 13:31:18+00:00,760.0,2.0,1.29,2.34,-2.6,-56.52174,3.0,136,0.627078924560547,False,REGULAR,USD,435.9100036621094
2026-11-20,780.0,497,2026-11-20,AMAT261120C00780000,2026-09-02 19:55:46+00:00,780.0,2.14,1.0,2.9,0.0,0.0,1.0,212,0.6578403356933593,False,REGULAR,USD,435.9100036621094
2026-11-20,800.0,498,2026-11-20,AMAT261120C00800000,2026-09-03 19:54:24+00:00,800.0,1.5,1.0,1.69,-0.29999995,-16.666664,18.0,314,0.6409948010253907,False,REGULAR,USD,435.9100036621094
2026-11-20,820.0,499,2026-11-20,AMAT261120C00820000,2026-09-01 13:30:08+00:00,820.0,2.65,0.56,2.05,0.0,0.0,2.0,85,0.6588168884277343,False,REGULAR,USD,435.9100036621094
2026-11-20,840.0,500,2026-11-20,AMAT261120C00840000,2026-09-02 17:19:05+00:00,840.0,1.52,0.38,2.08,0.0,0.0,1.0,80,0.6729769030761721,False,REGULAR,USD,435.9100036621094
2026-11-20,860.0,501,2026-11-20,AMAT261120C00860000,2026-09-01 19:37:29+00:00,860.0,1.21,0.23,1.93,0.0,0.0,1.0,165,0.6794465649414063,False,REGULAR,USD,435.9100036621094
2026-11-20,890.0,503,2026-11-20,AMAT261120C00890000,2026-08-28 13:36:19+00:00,890.0,2.19,0.08,1.56,0.0,0.0,3.0,150,0.680911394042969,False,REGULAR,USD,435.9100036621094
2026-11-20,900.0,504,2026-11-20,AMAT261120C00900000,2026-09-01 17:39:53+00:00,900.0,1.2,0.36,1.0,0.0,0.0,5.0,236,0.673098972167969,False,REGULAR,USD,435.9100036621094
2026-11-20,910.0,505,2026-11-20,AMAT261120C00910000,2026-08-27 18:27:01+00:00,910.0,2.07,0.09,1.47,0.0,0.0,1.0,30,0.6938507177734375,False,REGULAR,USD,435.9100036621094
2026-12-18,280.0,544,2026-12-18,AMAT261218C00280000,2026-09-03 19:34:22+00:00,280.0,162.28,158.9,166.65,-21.330002,-11.617016,1.0,202,0.6732210412597659,True,REGULAR,USD,435.9100036621094
2026-12-18,290.0,545,2026-12-18,AMAT261218C00290000,2026-08-31 15:02:01+00:00,290.0,174.45,149.9,157.65,0.0,0.0,1.0,183,0.6574741284179688,True,REGULAR,USD,435.9100036621094
2026-12-18,320.0,548,2026-12-18,AMAT261218C00320000,2026-08-31 16:58:53+00:00,320.0,147.12,123.6,131.5,0.0,0.0,1.0,683,0.6126747717285157,True,REGULAR,USD,435.9100036621094
2026-12-18,330.0,549,2026-12-18,AMAT261218C00330000,2026-09-01 13:41:53+00:00,330.0,125.0,116.35,123.5,0.0,0.0,3.0,178,0.6129189099121095,True,REGULAR,USD,435.9100036621094
2026-12-18,340.0,550,2026-12-18,AMAT261218C00340000,2026-09-01 14:55:37+00:00,340.0,120.0,108.05,114.95,0.0,0.0,1.0,310,0.5954019952392577,True,REGULAR,USD,435.9100036621094
2026-12-18,350.0,551,2026-12-18,AMAT261218C00350000,2026-09-02 17:26:41+00:00,350.0,106.63,100.6,107.85,0.0,0.0,2.0,1007,0.593326820678711,True,REGULAR,USD,435.9100036621094
2026-12-18,360.0,552,2026-12-18,AMAT261218C00360000,2026-08-27 17:26:31+00:00,360.0,133.2,93.1,98.55,0.0,0.0,4.0,242,0.5711102459716797,True,REGULAR,USD,435.9100036621094
2026-12-18,370.0,553,2026-12-18,AMAT261218C00370000,2026-09-03 19:50:42+00:00,370.0,88.55,86.15,93.25,-3.1299973,-3.4140458,10.0,78,0.5778240460205077,True,REGULAR,USD,435.9100036621094
2026-12-18,380.0,554,2026-12-18,AMAT261218C00380000,2026-09-03 19:50:42+00:00,380.0,81.75,79.2,86.1,-3.25,-3.8235295,5.0,365,0.5679364495849608,True,REGULAR,USD,435.9100036621094
2026-12-18,390.0,555,2026-12-18,AMAT261218C00390000,2026-08-28 17:14:03+00:00,390.0,99.55,73.0,78.75,0.0,0.0,10.0,194,0.5583845431518556,True,REGULAR,USD,435.9100036621094
2026-12-18,400.0,556,2026-12-18,AMAT261218C00400000,2026-09-03 14:13:23+00:00,400.0,65.0,67.3,73.65,-7.449997,-10.28295,13.0,1183,0.5618329949951173,True,REGULAR,USD,435.9100036621094
2026-12-18,410.0,557,2026-12-18,AMAT261218C00410000,2026-09-03 18:59:27+00:00,410.0,64.68,62.35,67.75,-21.919998,-25.311775,4.0,116,0.5610700631713867,True,REGULAR,USD,435.9100036621094
2026-12-18,420.0,558,2026-12-18,AMAT261218C00420000,2026-09-03 17:48:33+00:00,420.0,58.11,54.8,62.7,-2.8400002,-4.659557,2.0,195,0.5471694453430178,True,REGULAR,USD,435.9100036621094
2026-12-18,430.0,559,2026-12-18,AMAT261218C00430000,2026-09-03 17:48:33+00:00,430.0,53.31,51.45,55.75,-0.6899986,-1.2777753,18.0,171,0.5428512512207033,True,REGULAR,USD,435.9100036621094
2026-12-18,440.0,560,2026-12-18,AMAT261218C00440000,2026-09-03 19:33:35+00:00,440.0,49.56,47.8,51.9,-0.829998,-1.6471483,53.0,163,0.550282207183838,False,REGULAR,USD,435.9100036621094
2026-12-18,450.0,561,2026-12-18,AMAT261218C00450000,2026-09-03 17:49:33+00:00,450.0,44.93,43.5,47.85,-2.6399994,-5.549715,1.0,174,0.5498702239990236,False,REGULAR,USD,435.9100036621094
2026-12-18,460.0,562,2026-12-18,AMAT261218C00460000,2026-09-03 19:39:14+00:00,460.0,42.55,39.45,43.15,-0.15000153,-0.35129163,24.0,159,0.5442855630493165,False,REGULAR,USD,435.9100036621094
2026-12-18,470.0,563,2026-12-18,AMAT261218C00470000,2026-09-03 19:42:20+00:00,470.0,37.55,36.0,39.25,-2.459999,-6.148461,108.0,114,0.5431716825866699,False,REGULAR,USD,435.9100036621094
2026-12-18,480.0,564,2026-12-18,AMAT261218C00480000,2026-09-03 17:59:36+00:00,480.0,33.87,33.15,35.8,-2.3400002,-6.4623036,2.0,153,0.5448348739624024,False,REGULAR,USD,435.9100036621094
2026-12-18,490.0,565,2026-12-18,AMAT261218C00490000,2026-09-03 16:49:48+00:00,490.0,30.89,29.3,32.55,-11.260002,-26.71412,2.0,159,0.5394027993774416,False,REGULAR,USD,435.9100036621094
2026-12-18,500.0,566,2026-12-18,AMAT261218C00500000,2026-09-03 17:50:09+00:00,500.0,28.35,26.3,29.7,-0.54999924,-1.9031116,65.0,305,0.5380600393676759,False,REGULAR,USD,435.9100036621094
2026-12-18,520.0,567,2026-12-18,AMAT261218C00520000,2026-09-03 17:50:35+00:00,520.0,23.3,22.45,25.65,-1.5500011,-6.237429,8.0,722,0.5497176376342775,False,REGULAR,USD,435.9100036621094
2026-12-18,540.0,568,2026-12-18,AMAT261218C00540000,2026-09-03 19:44:54+00:00,540.0,19.2,18.25,20.35,-2.3099995,-10.739188,37.0,351,0.5429733203125001,False,REGULAR,USD,435.9100036621094
2026-12-18,560.0,569,2026-12-18,AMAT261218C00560000,2026-09-03 18:59:39+00:00,560.0,16.0,15.1,16.9,-0.97999954,-5.7714934,53.0,764,0.5455062539672851,False,REGULAR,USD,435.9100036621094
2026-12-18,580.0,570,2026-12-18,AMAT261218C00580000,2026-09-03 19:33:24+00:00,580.0,13.55,12.6,15.5,-0.4499998,-3.2142844,13.0,229,0.5596967858886719,False,REGULAR,USD,435.9100036621094
2026-12-18,600.0,571,2026-12-18,AMAT261218C00600000,2026-09-03 18:45:43+00:00,600.0,11.05,10.75,11.85,-1.25,-10.162601,32.0,693,0.5557295404052736,False,REGULAR,USD,435.9100036621094
2026-12-18,610.0,572,2026-12-18,AMAT261218C00610000,2026-09-03 14:09:55+00:00,610.0,9.05,9.4,11.0,-1.4499998,-13.809523,12.0,434,0.5553328158569336,False,REGULAR,USD,435.9100036621094
2026-12-18,620.0,573,2026-12-18,AMAT261218C00620000,2026-09-03 16:27:27+00:00,620.0,9.24,8.85,10.1,-1.7800007,-16.152454,6.0,229,0.5598188549804688,False,REGULAR,USD,435.9100036621094
2026-12-18,630.0,574,2026-12-18,AMAT261218C00630000,2026-09-03 19:48:12+00:00,630.0,8.6,8.0,10.85,-0.8999996,-9.4736805,2.0,298,0.5754131814575195,False,REGULAR,USD,435.9100036621094
2026-12-18,640.0,575,2026-12-18,AMAT261218C00640000,2026-09-03 14:57:31+00:00,640.0,7.15,7.55,8.65,-1.8499999,-20.555553,35.0,157,0.5665631723022461,False,REGULAR,USD,435.9100036621094
2026-12-18,660.0,576,2026-12-18,AMAT261218C00660000,2026-09-03 13:37:47+00:00,660.0,6.37,6.1,7.55,-0.9000001,-12.379643,1.0,294,0.5704999005126954,False,REGULAR,USD,435.9100036621094
2026-12-18,680.0,577,2026-12-18,AMAT261218C00680000,2026-09-02 17:45:33+00:00,680.0,6.43,5.15,6.6,0.0,0.0,4.0,318,0.5770305969238281,False,REGULAR,USD,435.9100036621094
2026-12-18,700.0,578,2026-12-18,AMAT261218C00700000,2026-09-03 18:11:10+00:00,700.0,4.8,4.1,5.55,-0.6999998,-12.72727,8.0,411,0.5767864587402343,False,REGULAR,USD,435.9100036621094
2026-12-18,710.0,579,2026-12-18,AMAT261218C00710000,2026-09-02 17:46:39+00:00,710.0,5.1,4.0,5.25,0.0,0.0,11.0,189,0.5838054315185546,False,REGULAR,USD,435.9100036621094
2026-12-18,720.0,580,2026-12-18,AMAT261218C00720000,2026-09-03 13:50:15+00:00,720.0,4.4,3.8,5.0,-8.35,-65.490204,40.0,88,0.5896037133789063,False,REGULAR,USD,435.9100036621094
2026-12-18,730.0,581,2026-12-18,AMAT261218C00730000,2026-09-01 13:33:28+00:00,730.0,5.44,3.45,4.65,0.0,0.0,1.0,81,0.5910685424804689,False,REGULAR,USD,435.9100036621094
2026-12-18,740.0,582,2026-12-18,AMAT261218C00740000,2026-09-02 18:18:50+00:00,740.0,3.9,3.3,4.4,0.0,0.0,1.0,134,0.5963785479736328,False,REGULAR,USD,435.9100036621094
2026-12-18,750.0,583,2026-12-18,AMAT261218C00750000,2026-09-03 17:00:21+00:00,750.0,3.39,2.62,4.05,-0.2099998,-5.8333282,1.0,267,0.5905192315673828,False,REGULAR,USD,435.9100036621094
2026-12-18,760.0,584,2026-12-18,AMAT261218C00760000,2026-09-01 15:11:40+00:00,760.0,4.15,2.55,3.8,0.0,0.0,41.0,254,0.59570716796875,False,REGULAR,USD,435.9100036621094
2026-12-18,780.0,585,2026-12-18,AMAT261218C00780000,2026-09-01 16:41:58+00:00,780.0,3.65,2.3,3.45,0.0,0.0,5.0,162,0.6054116607666018,False,REGULAR,USD,435.9100036621094
2026-12-18,800.0,586,2026-12-18,AMAT261218C00800000,2026-09-02 15:30:18+00:00,800.0,2.77,1.86,2.94,0.0,0.0,2.0,501,0.6055947644042969,False,REGULAR,USD,435.9100036621094
2026-12-18,820.0,587,2026-12-18,AMAT261218C00820000,2026-09-02 19:11:15+00:00,820.0,2.8,1.2,2.78,0.0,0.0,2.0,208,0.6051064880371095,False,REGULAR,USD,435.9100036621094
2026-12-18,840.0,588,2026-12-18,AMAT261218C00840000,2026-09-01 15:15:38+00:00,840.0,2.5,1.32,2.62,0.0,0.0,1.0,87,0.6221961608886719,False,REGULAR,USD,435.9100036621094
2026-12-18,860.0,589,2026-12-18,AMAT261218C00860000,2026-09-03 17:09:16+00:00,860.0,1.7,1.49,1.9,-0.25,-12.820513,1.0,150,0.6245154736328126,False,REGULAR,USD,435.9100036621094
2026-12-18,880.0,590,2026-12-18,AMAT261218C00880000,2026-09-02 14:18:45+00:00,880.0,1.87,0.88,2.12,0.0,0.0,9.0,142,0.6293982373046876,False,REGULAR,USD,435.9100036621094
2026-12-18,900.0,591,2026-12-18,AMAT261218C00900000,2026-09-03 15:04:45+00:00,900.0,1.36,0.61,2.08,-0.84000003,-38.181816,1.0,248,0.6350134155273439,False,REGULAR,USD,435.9100036621094
2026-12-18,970.0,594,2026-12-18,AMAT261218C00970000,2026-08-28 13:47:49+00:00,970.0,2.46,0.42,1.48,0.0,0.0,2.0,90,0.6550327465820314,False,REGULAR,USD,435.9100036621094
2026-12-18,980.0,595,2026-12-18,AMAT261218C00980000,2026-08-31 17:57:16+00:00,980.0,1.42,0.34,1.33,0.0,0.0,1.0,384,0.6508823974609376,False,REGULAR,USD,435.9100036621094
2026-12-18,1000.0,596,2026-12-18,AMAT261218C01000000,2026-09-03 17:29:02+00:00,1000.0,1.0,0.5,1.27,-0.73,-42.196533,2.0,978,0.6691927612304689,False,REGULAR,USD,435.9100036621094
2026-12-18,1020.0,597,2026-12-18,AMAT261218C01020000,2026-09-03 14:29:51+00:00,1020.0,0.55,0.28,1.46,-1.1400001,-67.45562,1.0,126,0.6806672558593752,False,REGULAR,USD,435.9100036621094
2027-01-15,250.0,630,2027-01-15,AMAT270115C00250000,2026-09-03 15:54:06+00:00,250.0,192.57,189.55,194.85,-55.78,-22.460238,1.0,917,0.7019072778320312,True,REGULAR,USD,435.9100036621094
2027-01-15,300.0,635,2027-01-15,AMAT270115C00300000,2026-09-03 15:32:25+00:00,300.0,148.82,144.8,151.45,-14.87999,-9.089792,1.0,1060,0.6345861737060547,True,REGULAR,USD,435.9100036621094
2027-01-15,310.0,636,2027-01-15,AMAT270115C00310000,2026-09-02 19:45:13+00:00,310.0,141.3,135.45,143.35,0.0,0.0,1.0,622,0.6167640863037109,True,REGULAR,USD,435.9100036621094
2027-01-15,330.0,638,2027-01-15,AMAT270115C00330000,2026-09-02 17:25:58+00:00,330.0,122.68,119.15,127.0,0.0,0.0,4.0,464,0.5936625106811525,True,REGULAR,USD,435.9100036621094
2027-01-15,340.0,639,2027-01-15,AMAT270115C00340000,2026-09-01 18:32:45+00:00,340.0,119.97,111.6,118.25,0.0,0.0,2.0,222,0.5788616333007812,True,REGULAR,USD,435.9100036621094
2027-01-15,350.0,640,2027-01-15,AMAT270115C00350000,2026-09-03 14:29:07+00:00,350.0,103.7,105.35,111.7,-7.670006,-6.8869586,8.0,779,0.5850261224365234,True,REGULAR,USD,435.9100036621094
2027-01-15,360.0,641,2027-01-15,AMAT270115C00360000,2026-08-28 15:39:06+00:00,360.0,133.0,97.05,105.0,0.0,0.0,1.0,250,0.5733990414428712,True,REGULAR,USD,435.9100036621094
2027-01-15,370.0,642,2027-01-15,AMAT270115C00370000,2026-09-02 15:38:26+00:00,370.0,96.73,90.4,98.45,0.0,0.0,10.0,170,0.570042141418457,True,REGULAR,USD,435.9100036621094
2027-01-15,380.0,643,2027-01-15,AMAT270115C00380000,2026-09-01 18:56:08+00:00,380.0,92.0,83.6,92.0,0.0,0.0,14.0,470,0.5634046345520021,True,REGULAR,USD,435.9100036621094
2027-01-15,390.0,644,2027-01-15,AMAT270115C00390000,2026-09-01 15:07:49+00:00,390.0,90.13,77.2,85.8,0.0,0.0,3.0,162,0.5576063526916506,True,REGULAR,USD,435.9100036621094
2027-01-15,400.0,645,2027-01-15,AMAT270115C00400000,2026-09-03 19:42:34+00:00,400.0,75.8,73.15,80.0,-2.3899994,-3.056656,8.0,648,0.5633741172790527,True,REGULAR,USD,435.9100036621094
2027-01-15,410.0,646,2027-01-15,AMAT270115C00410000,2026-09-02 15:41:12+00:00,410.0,72.23,67.9,72.6,0.0,0.0,2.0,260,0.5517928121948242,True,REGULAR,USD,435.9100036621094
2027-01-15,420.0,647,2027-01-15,AMAT270115C00420000,2026-08-31 18:16:41+00:00,420.0,81.97,62.35,69.5,0.0,0.0,2.0,307,0.5575910940551759,True,REGULAR,USD,435.9100036621094
2027-01-15,430.0,648,2027-01-15,AMAT270115C00430000,2026-09-03 19:22:52+00:00,430.0,61.0,58.4,62.45,0.0,0.0,4.0,144,0.5491225508117679,True,REGULAR,USD,435.9100036621094
2027-01-15,440.0,649,2027-01-15,AMAT270115C00440000,2026-09-03 17:36:46+00:00,440.0,55.3,54.05,57.95,-2.25,-3.909644,4.0,230,0.5485274639892579,False,REGULAR,USD,435.9100036621094
2027-01-15,450.0,650,2027-01-15,AMAT270115C00450000,2026-09-03 17:49:44+00:00,450.0,51.2,51.3,53.8,-3.0,-5.535055,27.0,998,0.5546461772155762,False,REGULAR,USD,435.9100036621094
2027-01-15,460.0,651,2027-01-15,AMAT270115C00460000,2026-09-03 13:32:36+00:00,460.0,44.26,45.15,49.4,-4.080002,-8.440219,3.0,316,0.5410659907531741,False,REGULAR,USD,435.9100036621094
2027-01-15,470.0,652,2027-01-15,AMAT270115C00470000,2026-09-02 14:48:50+00:00,470.0,45.75,42.9,45.4,0.0,0.0,4.0,237,0.5454757366943359,False,REGULAR,USD,435.9100036621094
2027-01-15,480.0,653,2027-01-15,AMAT270115C00480000,2026-09-03 17:46:16+00:00,480.0,40.47,38.8,43.05,-0.86999893,-2.1044967,12.0,252,0.546726944885254,False,REGULAR,USD,435.9100036621094
2027-01-15,490.0,654,2027-01-15,AMAT270115C00490000,2026-09-03 17:49:33+00:00,490.0,36.8,36.15,39.4,-0.79999924,-2.1276577,1.0,209,0.5465438412475586,False,REGULAR,USD,435.9100036621094
2027-01-15,500.0,655,2027-01-15,AMAT270115C00500000,2026-09-03 18:11:37+00:00,500.0,34.0,32.45,35.9,-1.4500008,-4.09027,33.0,1442,0.539891075744629,False,REGULAR,USD,435.9100036621094
2027-01-15,510.0,656,2027-01-15,AMAT270115C00510000,2026-09-03 17:40:06+00:00,510.0,31.12,29.75,33.05,-1.4799976,-4.5398703,12.0,637,0.5391739198303225,False,REGULAR,USD,435.9100036621094
2027-01-15,520.0,657,2027-01-15,AMAT270115C00520000,2026-09-03 18:47:54+00:00,520.0,29.35,27.85,30.35,-0.8500004,-2.8145707,27.0,305,0.541264353027344,False,REGULAR,USD,435.9100036621094
2027-01-15,530.0,658,2027-01-15,AMAT270115C00530000,2026-09-03 17:37:00+00:00,530.0,26.37,25.5,28.95,-1.6199989,-5.7877774,14.0,118,0.5459640130615235,False,REGULAR,USD,435.9100036621094
2027-01-15,540.0,659,2027-01-15,AMAT270115C00540000,2026-09-03 15:40:28+00:00,540.0,24.35,23.95,26.05,-0.7199993,-2.8719559,2.0,218,0.5453841848754883,False,REGULAR,USD,435.9100036621094
2027-01-15,550.0,660,2027-01-15,AMAT270115C00550000,2026-09-03 15:28:32+00:00,550.0,22.58,22.1,23.6,-2.3199997,-9.317268,35.0,391,0.5438278039550781,False,REGULAR,USD,435.9100036621094
2027-01-15,560.0,661,2027-01-15,AMAT270115C00560000,2026-09-03 19:56:28+00:00,560.0,20.7,19.95,22.25,-1.2099991,-5.5225883,9.0,413,0.5449874603271485,False,REGULAR,USD,435.9100036621094
2027-01-15,580.0,662,2027-01-15,AMAT270115C00580000,2026-09-03 16:01:53+00:00,580.0,17.8,17.3,18.9,-0.40000153,-2.1978104,7.0,321,0.5485884985351563,False,REGULAR,USD,435.9100036621094
2027-01-15,600.0,663,2027-01-15,AMAT270115C00600000,2026-09-03 19:26:16+00:00,600.0,15.02,14.1,15.95,0.010000229,0.06662378,112.0,1026,0.5454147021484376,False,REGULAR,USD,435.9100036621094
2027-01-15,610.0,664,2027-01-15,AMAT270115C00610000,2026-09-03 16:54:17+00:00,610.0,13.5,11.65,14.45,-1.6499996,-10.891088,20.0,327,0.5354050366210938,False,REGULAR,USD,435.9100036621094
2027-01-15,620.0,665,2027-01-15,AMAT270115C00620000,2026-09-03 16:54:17+00:00,620.0,12.39,11.7,13.85,-1.0899992,-8.086048,38.0,543,0.547352548980713,False,REGULAR,USD,435.9100036621094
2027-01-15,630.0,666,2027-01-15,AMAT270115C00630000,2026-09-03 16:54:17+00:00,630.0,11.46,11.25,12.5,-0.89000034,-7.20648,19.0,413,0.5496871203613283,False,REGULAR,USD,435.9100036621094
2027-01-15,640.0,667,2027-01-15,AMAT270115C00640000,2026-09-03 17:13:43+00:00,640.0,10.8,10.35,11.65,-1.1999998,-9.999999,8.0,701,0.5513045358276368,False,REGULAR,USD,435.9100036621094
2027-01-15,660.0,668,2027-01-15,AMAT270115C00660000,2026-09-03 18:50:09+00:00,660.0,9.37,9.0,10.0,-2.2300005,-19.224142,6.0,666,0.5553633331298828,False,REGULAR,USD,435.9100036621094
2027-01-15,680.0,669,2027-01-15,AMAT270115C00680000,2026-09-02 18:47:59+00:00,680.0,8.6,6.2,9.9,0.0,0.0,2.0,173,0.5561872994995118,False,REGULAR,USD,435.9100036621094
2027-01-15,700.0,670,2027-01-15,AMAT270115C00700000,2026-09-03 18:34:55+00:00,700.0,7.25,6.15,8.9,-0.3499999,-4.6052623,19.0,1079,0.5708661077880859,False,REGULAR,USD,435.9100036621094
2027-01-15,710.0,671,2027-01-15,AMAT270115C00710000,2026-09-01 16:32:02+00:00,710.0,8.15,4.85,8.4,0.0,0.0,2.0,324,0.5646405841064455,False,REGULAR,USD,435.9100036621094
2027-01-15,720.0,672,2027-01-15,AMAT270115C00720000,2026-09-03 17:48:54+00:00,720.0,6.22,5.2,6.8,-0.35000038,-5.327251,7.0,380,0.5626874786376954,False,REGULAR,USD,435.9100036621094
2027-01-15,730.0,673,2027-01-15,AMAT270115C00730000,2026-08-28 16:48:36+00:00,730.0,10.85,4.7,6.6,0.0,0.0,2.0,216,0.5658002404785156,False,REGULAR,USD,435.9100036621094
2027-01-15,740.0,674,2027-01-15,AMAT270115C00740000,2026-09-02 16:39:38+00:00,740.0,5.82,4.5,6.15,0.0,0.0,3.0,348,0.5689130023193358,False,REGULAR,USD,435.9100036621094
2027-01-15,750.0,675,2027-01-15,AMAT270115C00750000,2026-09-03 14:38:04+00:00,750.0,4.7,4.95,5.6,-0.7600002,-13.919418,2.0,358,0.57812921875,False,REGULAR,USD,435.9100036621094
2027-01-15,760.0,676,2027-01-15,AMAT270115C00760000,2026-09-03 15:58:23+00:00,760.0,4.81,4.75,5.35,-7.44,-60.734695,2.0,487,0.5828288787841795,False,REGULAR,USD,435.9100036621094
2027-01-15,780.0,677,2027-01-15,AMAT270115C00780000,2026-09-02 15:55:56+00:00,780.0,4.65,3.9,4.9,0.0,0.0,3.0,112,0.5855143988037108,False,REGULAR,USD,435.9100036621094
2027-01-15,800.0,678,2027-01-15,AMAT270115C00800000,2026-09-03 16:26:58+00:00,800.0,3.8,3.5,4.25,-0.60000014,-13.636367,2.0,355,0.5891764715576173,False,REGULAR,USD,435.9100036621094
2027-01-15,820.0,679,2027-01-15,AMAT270115C00820000,2026-09-01 14:59:55+00:00,820.0,4.5,2.55,4.1,0.0,0.0,5.0,96,0.5896037133789063,False,REGULAR,USD,435.9100036621094
2027-01-15,840.0,680,2027-01-15,AMAT270115C00840000,2026-08-31 19:23:38+00:00,840.0,4.55,2.18,3.75,0.0,0.0,2.0,360,0.5941202697753907,False,REGULAR,USD,435.9100036621094
2027-01-15,860.0,681,2027-01-15,AMAT270115C00860000,2026-08-27 16:13:31+00:00,860.0,7.0,2.06,3.35,0.0,0.0,30.0,178,0.6005899316406251,False,REGULAR,USD,435.9100036621094
2027-01-15,880.0,682,2027-01-15,AMAT270115C00880000,2026-09-02 13:55:18+00:00,880.0,2.78,1.6,3.2,0.0,0.0,2.0,154,0.6038247625732425,False,REGULAR,USD,435.9100036621094
2027-01-15,900.0,684,2027-01-15,AMAT270115C00900000,2026-09-03 17:13:20+00:00,900.0,2.26,1.99,2.53,-0.23000002,-9.236949,6.0,224,0.6126747717285157,False,REGULAR,USD,435.9100036621094
2027-01-15,920.0,685,2027-01-15,AMAT270115C00920000,2026-09-01 17:16:24+00:00,920.0,2.8,1.43,3.2,0.0,0.0,1.0,229,0.6296423754882813,False,REGULAR,USD,435.9100036621094
2027-01-15,940.0,686,2027-01-15,AMAT270115C00940000,2026-09-01 17:32:59+00:00,940.0,2.11,1.17,2.39,0.0,0.0,74.0,217,0.6176796044921876,False,REGULAR,USD,435.9100036621094
2027-01-15,950.0,687,2027-01-15,AMAT270115C00950000,2026-09-03 17:13:20+00:00,950.0,1.79,1.35,2.23,-2.79,-60.91703,1.0,75,0.6248816809082032,False,REGULAR,USD,435.9100036621094
2027-01-15,980.0,689,2027-01-15,AMAT270115C00980000,2026-08-31 17:53:29+00:00,980.0,2.7,0.7,2.37,0.0,0.0,200.0,339,0.6300085827636719,False,REGULAR,USD,435.9100036621094
2027-01-15,1000.0,690,2027-01-15,AMAT270115C01000000,2026-09-02 16:51:39+00:00,1000.0,1.46,0.54,2.04,0.0,0.0,3.0,441,0.6268347863769532,False,REGULAR,USD,435.9100036621094
2027-01-15,1020.0,691,2027-01-15,AMAT270115C01020000,2026-09-03 16:45:32+00:00,1020.0,1.25,1.0,1.64,-0.30999994,-19.871792,5.0,542,0.6408727319335938,False,REGULAR,USD,435.9100036621094
2027-02-19,360.0,706,2027-02-19,AMAT270219C00360000,2026-09-01 16:05:39+00:00,360.0,116.88,104.25,111.2,0.0,0.0,1.0,19,0.5830730169677734,True,REGULAR,USD,435.9100036621094
2027-02-19,380.0,708,2027-02-19,AMAT270219C00380000,2026-09-03 14:36:37+00:00,380.0,90.0,92.8,99.9,-62.149994,-40.847847,5.0,5,0.5861400028991699,True,REGULAR,USD,435.9100036621094
2027-02-19,390.0,709,2027-02-19,AMAT270219C00390000,2026-08-27 16:35:42+00:00,390.0,125.5,87.25,93.95,0.0,0.0,1.0,6,0.5832103446960448,True,REGULAR,USD,435.9100036621094
2027-02-19,400.0,710,2027-02-19,AMAT270219C00400000,2026-09-03 16:50:09+00:00,400.0,84.18,79.95,86.55,-5.8199997,-6.4666667,2.0,26,0.5634198931884766,True,REGULAR,USD,435.9100036621094
2027-02-19,410.0,711,2027-02-19,AMAT270219C00410000,2026-09-01 14:29:06+00:00,410.0,84.18,74.8,81.7,0.0,0.0,6.0,8,0.5633893759155274,True,REGULAR,USD,435.9100036621094
2027-02-19,420.0,712,2027-02-19,AMAT270219C00420000,2026-09-02 16:17:39+00:00,420.0,75.2,70.05,76.7,0.0,0.0,1.0,343,0.562229719543457,True,REGULAR,USD,435.9100036621094
2027-02-19,430.0,713,2027-02-19,AMAT270219C00430000,2026-08-31 15:41:51+00:00,430.0,83.9,66.6,72.35,0.0,0.0,1.0,18,0.5674176559448242,True,REGULAR,USD,435.9100036621094
2027-02-19,440.0,714,2027-02-19,AMAT270219C00440000,2026-08-31 15:40:36+00:00,440.0,79.55,61.5,67.1,0.0,0.0,1.0,16,0.5595441995239258,False,REGULAR,USD,435.9100036621094
2027-02-19,450.0,715,2027-02-19,AMAT270219C00450000,2026-09-03 17:08:15+00:00,450.0,60.41,57.5,63.3,-0.9700012,-1.5803213,2.0,40,0.5606733386230469,False,REGULAR,USD,435.9100036621094
2027-02-19,460.0,716,2027-02-19,AMAT270219C00460000,2026-09-01 16:55:03+00:00,460.0,61.0,53.55,58.8,0.0,0.0,203.0,385,0.5571638522338869,False,REGULAR,USD,435.9100036621094
2027-02-19,470.0,717,2027-02-19,AMAT270219C00470000,2026-09-03 19:58:20+00:00,470.0,52.77,49.45,55.1,-0.8999977,-1.6769103,2.0,14,0.5546004013061524,False,REGULAR,USD,435.9100036621094
2027-02-19,480.0,718,2027-02-19,AMAT270219C00480000,2026-09-03 16:50:09+00:00,480.0,49.01,47.6,51.9,-5.9400024,-10.809832,2.0,31,0.5618787709045412,False,REGULAR,USD,435.9100036621094
2027-02-19,490.0,719,2027-02-19,AMAT270219C00490000,2026-09-03 19:57:52+00:00,490.0,45.78,43.35,47.85,-31.239998,-40.56089,4.0,104,0.5537459176635743,False,REGULAR,USD,435.9100036621094
2027-02-19,500.0,720,2027-02-19,AMAT270219C00500000,2026-09-03 18:53:30+00:00,500.0,43.6,41.5,44.5,-2.4000015,-5.217395,6.0,168,0.5571485935974123,False,REGULAR,USD,435.9100036621094
2027-02-19,510.0,721,2027-02-19,AMAT270219C00510000,2026-09-03 18:53:33+00:00,510.0,40.49,38.65,42.0,-5.5099983,-11.978257,4.0,23,0.5583998017883303,False,REGULAR,USD,435.9100036621094
2027-02-19,520.0,722,2027-02-19,AMAT270219C00520000,2026-09-03 18:53:34+00:00,520.0,37.99,34.0,40.8,-2.709999,-6.6584744,5.0,159,0.5560041958618166,False,REGULAR,USD,435.9100036621094
2027-02-19,530.0,723,2027-02-19,AMAT270219C00530000,2026-09-03 18:53:31+00:00,530.0,35.2,33.2,36.5,-0.70000076,-1.9498627,6.0,75,0.5554091090393067,False,REGULAR,USD,435.9100036621094
2027-02-19,540.0,724,2027-02-19,AMAT270219C00540000,2026-09-01 19:54:29+00:00,540.0,34.8,31.15,34.8,0.0,0.0,98.0,123,0.559498423614502,False,REGULAR,USD,435.9100036621094
2027-02-19,550.0,725,2027-02-19,AMAT270219C00550000,2026-09-03 19:35:46+00:00,550.0,30.75,29.35,32.3,-1.0,-3.1496062,1.0,68,0.5598646308898927,False,REGULAR,USD,435.9100036621094
2027-02-19,560.0,726,2027-02-19,AMAT270219C00560000,2026-09-02 14:18:33+00:00,560.0,31.45,25.4,29.85,0.0,0.0,1.0,36,0.5490615162658694,False,REGULAR,USD,435.9100036621094
2027-02-19,570.0,727,2027-02-19,AMAT270219C00570000,2026-09-03 19:58:20+00:00,570.0,26.64,25.45,28.25,-8.560001,-24.318184,4.0,46,0.5598646308898927,False,REGULAR,USD,435.9100036621094
2027-02-19,580.0,728,2027-02-19,AMAT270219C00580000,2026-09-02 18:51:20+00:00,580.0,25.14,21.55,26.45,0.0,0.0,6.0,198,0.5494734994506837,False,REGULAR,USD,435.9100036621094
2027-02-19,590.0,729,2027-02-19,AMAT270219C00590000,2026-09-03 19:50:38+00:00,590.0,23.1,22.05,24.5,-1.3999996,-5.7142844,4.0,47,0.5589338540649414,False,REGULAR,USD,435.9100036621094
2027-02-19,600.0,730,2027-02-19,AMAT270219C00600000,2026-09-03 19:57:52+00:00,600.0,21.82,20.9,23.2,-0.5300007,-2.3713677,28.0,670,0.5625348922729493,False,REGULAR,USD,435.9100036621094
2027-02-19,610.0,731,2027-02-19,AMAT270219C00610000,2026-09-03 18:53:34+00:00,610.0,20.51,17.2,23.1,-0.289999,-1.3942261,10.0,89,0.5580335945129395,False,REGULAR,USD,435.9100036621094
2027-02-19,620.0,732,2027-02-19,AMAT270219C00620000,2026-09-03 18:53:32+00:00,620.0,18.96,18.1,20.45,-1.0400009,-5.2000046,18.0,60,0.5634656690979005,False,REGULAR,USD,435.9100036621094
2027-02-19,630.0,733,2027-02-19,AMAT270219C00630000,2026-09-02 14:10:36+00:00,630.0,19.75,14.7,20.7,0.0,0.0,1.0,84,0.5602918727111816,False,REGULAR,USD,435.9100036621094
2027-02-19,640.0,734,2027-02-19,AMAT270219C00640000,2026-09-03 19:58:20+00:00,640.0,16.77,16.0,18.0,-0.5299988,-3.063577,2.0,39,0.5661359304809571,False,REGULAR,USD,435.9100036621094
2027-02-19,660.0,735,2027-02-19,AMAT270219C00660000,2026-09-02 18:50:34+00:00,660.0,14.85,11.7,16.0,0.0,0.0,4.0,153,0.5541731594848633,False,REGULAR,USD,435.9100036621094
2027-02-19,680.0,736,2027-02-19,AMAT270219C00680000,2026-09-03 19:00:34+00:00,680.0,12.84,12.45,13.55,-0.6199999,-4.60624,50.0,86,0.5676923114013672,False,REGULAR,USD,435.9100036621094
2027-02-19,700.0,737,2027-02-19,AMAT270219C00700000,2026-09-03 19:42:34+00:00,700.0,11.35,11.0,12.2,-0.29999924,-2.575101,8.0,64,0.571690074157715,False,REGULAR,USD,435.9100036621094
2027-02-19,720.0,738,2027-02-19,AMAT270219C00720000,2026-09-02 16:03:44+00:00,720.0,10.88,7.6,11.35,0.0,0.0,6.0,124,0.5617414431762696,False,REGULAR,USD,435.9100036621094
2027-02-19,740.0,739,2027-02-19,AMAT270219C00740000,2026-09-03 16:23:22+00:00,740.0,8.95,8.4,10.15,-3.9000006,-30.350199,2.0,212,0.579105771484375,False,REGULAR,USD,435.9100036621094
2027-02-19,760.0,740,2027-02-19,AMAT270219C00760000,2026-09-03 19:38:15+00:00,760.0,7.9,6.35,9.3,-0.5499997,-6.5088725,12.0,106,0.5740399041748048,False,REGULAR,USD,435.9100036621094
2027-02-19,780.0,741,2027-02-19,AMAT270219C00780000,2026-09-03 19:57:52+00:00,780.0,7.35,7.15,7.85,-0.20000029,-2.6490104,4.0,124,0.5867045724487304,False,REGULAR,USD,435.9100036621094
2027-02-19,800.0,742,2027-02-19,AMAT270219C00800000,2026-09-03 19:58:20+00:00,800.0,6.58,5.95,7.2,-0.17000008,-2.5185196,9.0,338,0.5866130206298827,False,REGULAR,USD,435.9100036621094
2027-02-19,820.0,743,2027-02-19,AMAT270219C00820000,2026-09-02 16:06:59+00:00,820.0,6.2,4.1,7.05,0.0,0.0,1.0,59,0.5823406024169921,False,REGULAR,USD,435.9100036621094
2027-02-19,880.0,746,2027-02-19,AMAT270219C00880000,2026-09-01 16:45:30+00:00,880.0,5.3,2.76,5.0,0.0,0.0,12.0,77,0.5858806060791015,False,REGULAR,USD,435.9100036621094
2027-02-19,900.0,748,2027-02-19,AMAT270219C00900000,2026-09-02 14:25:14+00:00,900.0,4.3,2.44,4.9,0.0,0.0,1.0,37,0.5938150970458984,False,REGULAR,USD,435.9100036621094
2027-02-19,910.0,749,2027-02-19,AMAT270219C00910000,2026-08-31 17:00:00+00:00,910.0,5.45,2.55,5.1,0.0,0.0,13.0,34,0.6052285571289064,False,REGULAR,USD,435.9100036621094
2027-02-19,920.0,750,2027-02-19,AMAT270219C00920000,2026-09-01 14:32:54+00:00,920.0,4.5,2.3,4.9,0.0,0.0,12.0,12,0.6052895916748049,False,REGULAR,USD,435.9100036621094
2027-02-19,1020.0,752,2027-02-19,AMAT270219C01020000,2026-09-03 19:58:36+00:00,1020.0,2.4,1.93,3.1,-0.24000001,-9.090909,15.0,94,0.6289709954833984,False,REGULAR,USD,435.9100036621094
2027-03-19,270.0,765,2027-03-19,AMAT270319C00270000,2026-08-28 18:21:19+00:00,270.0,207.89,175.4,183.15,0.0,0.0,1.0,8,0.64883774017334,True,REGULAR,USD,435.9100036621094
2027-03-19,290.0,767,2027-03-19,AMAT270319C00290000,2026-08-28 17:05:37+00:00,290.0,189.14,158.75,166.65,0.0,0.0,40.0,46,0.6274146145629884,True,REGULAR,USD,435.9100036621094
2027-03-19,300.0,768,2027-03-19,AMAT270319C00300000,2026-09-03 14:04:56+00:00,300.0,148.85,151.6,157.6,-38.149994,-20.401068,9.0,256,0.6166725344848634,True,REGULAR,USD,435.9100036621094
2027-03-19,350.0,773,2027-03-19,AMAT270319C00350000,2026-09-01 13:41:52+00:00,350.0,125.0,114.6,122.5,0.0,0.0,3.0,41,0.5871775901794434,True,REGULAR,USD,435.9100036621094
2027-03-19,390.0,777,2027-03-19,AMAT270319C00390000,2026-09-01 19:31:03+00:00,390.0,101.35,91.15,97.2,0.0,0.0,5.0,43,0.5716595568847658,True,REGULAR,USD,435.9100036621094
2027-03-19,400.0,778,2027-03-19,AMAT270319C00400000,2026-09-03 19:53:03+00:00,400.0,88.41,85.8,91.9,-10.639999,-10.742049,1.0,150,0.5697064514160157,True,REGULAR,USD,435.9100036621094
2027-03-19,410.0,779,2027-03-19,AMAT270319C00410000,2026-09-02 16:18:45+00:00,410.0,85.0,80.75,86.8,0.0,0.0,1.0,61,0.5679364495849608,True,REGULAR,USD,435.9100036621094
2027-03-19,420.0,780,2027-03-19,AMAT270319C00420000,2026-09-02 18:55:10+00:00,420.0,80.31,76.7,83.25,0.0,0.0,2.0,219,0.5747570600891114,True,REGULAR,USD,435.9100036621094
2027-03-19,430.0,781,2027-03-19,AMAT270319C00430000,2026-09-03 17:31:03+00:00,430.0,74.3,71.3,78.45,-2.699997,-3.5064895,10.0,89,0.5691113645935058,True,REGULAR,USD,435.9100036621094
2027-03-19,440.0,782,2027-03-19,AMAT270319C00440000,2026-09-01 19:40:12+00:00,440.0,77.55,67.7,72.9,0.0,0.0,6.0,34,0.5660443786621094,False,REGULAR,USD,435.9100036621094
2027-03-19,450.0,783,2027-03-19,AMAT270319C00450000,2026-09-03 14:16:42+00:00,450.0,66.0,65.25,67.95,-1.8600006,-2.7409382,3.0,90,0.5682721395874023,False,REGULAR,USD,435.9100036621094
2027-03-19,460.0,784,2027-03-19,AMAT270319C00460000,2026-09-02 16:02:10+00:00,460.0,63.52,59.7,63.6,0.0,0.0,19.0,49,0.5590864404296876,False,REGULAR,USD,435.9100036621094
2027-03-19,470.0,785,2027-03-19,AMAT270319C00470000,2026-09-03 14:59:31+00:00,470.0,57.0,54.55,59.2,-3.9000015,-6.403943,25.0,82,0.5497939308166506,False,REGULAR,USD,435.9100036621094
2027-03-19,480.0,786,2027-03-19,AMAT270319C00480000,2026-09-02 13:54:20+00:00,480.0,55.67,51.1,57.2,0.0,0.0,1.0,85,0.5550123844909669,False,REGULAR,USD,435.9100036621094
2027-03-19,490.0,787,2027-03-19,AMAT270319C00490000,2026-09-03 17:40:06+00:00,490.0,50.71,48.85,53.55,-19.340004,-27.608854,38.0,36,0.5570417831420901,False,REGULAR,USD,435.9100036621094
2027-03-19,500.0,788,2027-03-19,AMAT270319C00500000,2026-09-03 19:42:29+00:00,500.0,48.0,46.45,49.3,-1.5,-3.030303,87.0,252,0.554737729034424,False,REGULAR,USD,435.9100036621094
2027-03-19,520.0,789,2027-03-19,AMAT270319C00520000,2026-09-03 16:34:26+00:00,520.0,42.06,40.25,45.85,-3.4899979,-7.6619053,10.0,494,0.5606733386230469,False,REGULAR,USD,435.9100036621094
2027-03-19,540.0,790,2027-03-19,AMAT270319C00540000,2026-09-03 14:51:27+00:00,540.0,35.55,34.25,39.2,-5.200001,-12.760737,6.0,266,0.5495345339965821,False,REGULAR,USD,435.9100036621094
2027-03-19,560.0,791,2027-03-19,AMAT270319C00560000,2026-09-03 19:59:30+00:00,560.0,33.45,32.05,34.85,-3.2299995,-8.805887,16.0,251,0.558872819519043,False,REGULAR,USD,435.9100036621094
2027-03-19,580.0,792,2027-03-19,AMAT270319C00580000,2026-09-03 14:19:17+00:00,580.0,27.7,28.5,30.25,-2.4899998,-8.247763,4.0,444,0.557469024963379,False,REGULAR,USD,435.9100036621094
2027-03-19,600.0,793,2027-03-19,AMAT270319C00600000,2026-09-03 19:53:04+00:00,600.0,25.86,24.2,27.45,-0.6399994,-2.415092,39.0,204,0.5566603172302247,False,REGULAR,USD,435.9100036621094
2027-03-19,610.0,794,2027-03-19,AMAT270319C00610000,2026-09-03 14:31:43+00:00,610.0,22.34,22.35,27.45,-2.8600006,-11.349209,3.0,87,0.5627790304565431,False,REGULAR,USD,435.9100036621094
2027-03-19,620.0,795,2027-03-19,AMAT270319C00620000,2026-09-03 14:31:43+00:00,620.0,21.1,20.45,26.2,-3.0499992,-12.629397,6.0,162,0.5620313572692872,False,REGULAR,USD,435.9100036621094
2027-03-19,630.0,796,2027-03-19,AMAT270319C00630000,2026-09-03 19:18:22+00:00,630.0,22.5,20.4,22.75,0.20000076,0.8968644,5.0,117,0.5586439399719239,False,REGULAR,USD,435.9100036621094
2027-03-19,640.0,797,2027-03-19,AMAT270319C00640000,2026-09-02 17:15:51+00:00,640.0,21.25,18.2,22.3,0.0,0.0,11.0,93,0.5585371295166017,False,REGULAR,USD,435.9100036621094
2027-03-19,660.0,798,2027-03-19,AMAT270319C00660000,2026-09-03 14:33:04+00:00,660.0,16.35,15.7,19.9,-2.4499989,-13.031909,2.0,275,0.5579267840576172,False,REGULAR,USD,435.9100036621094
2027-03-19,680.0,799,2027-03-19,AMAT270319C00680000,2026-09-02 17:14:39+00:00,680.0,16.84,13.2,19.65,0.0,0.0,2.0,149,0.5662885168457032,False,REGULAR,USD,435.9100036621094
2027-03-19,700.0,800,2027-03-19,AMAT270319C00700000,2026-09-03 19:59:30+00:00,700.0,14.65,13.4,15.9,-0.9000006,-5.787785,3.0,119,0.5678448977661132,False,REGULAR,USD,435.9100036621094
2027-03-19,710.0,801,2027-03-19,AMAT270319C00710000,2026-09-03 14:29:47+00:00,710.0,12.65,11.65,15.0,-1.8200006,-12.577751,2.0,91,0.5621992022705078,False,REGULAR,USD,435.9100036621094
2027-03-19,720.0,802,2027-03-19,AMAT270319C00720000,2026-09-03 14:19:51+00:00,720.0,12.25,11.7,13.95,-2.6999998,-18.0602,1.0,204,0.5661206718444824,False,REGULAR,USD,435.9100036621094
2027-03-19,730.0,803,2027-03-19,AMAT270319C00730000,2026-09-02 14:38:59+00:00,730.0,13.3,9.9,15.4,0.0,0.0,1.0,60,0.5738568005371094,False,REGULAR,USD,435.9100036621094
2027-03-19,740.0,804,2027-03-19,AMAT270319C00740000,2026-09-03 13:54:42+00:00,740.0,11.47,8.95,11.9,-1.1300001,-8.968255,4.0,96,0.5533644517517089,False,REGULAR,USD,435.9100036621094
2027-03-19,750.0,805,2027-03-19,AMAT270319C00750000,2026-09-02 19:51:50+00:00,750.0,11.65,9.0,13.85,0.0,0.0,14.0,138,0.576755941467285,False,REGULAR,USD,435.9100036621094
2027-03-19,760.0,806,2027-03-19,AMAT270319C00760000,2026-09-03 19:56:58+00:00,760.0,10.74,9.4,12.05,-12.18,-53.14136,4.0,118,0.5762066305541992,False,REGULAR,USD,435.9100036621094
2027-03-19,780.0,807,2027-03-19,AMAT270319C00780000,2026-09-01 13:43:29+00:00,780.0,12.53,7.35,11.15,0.0,0.0,2.0,99,0.5720562814331055,False,REGULAR,USD,435.9100036621094
2027-03-19,800.0,808,2027-03-19,AMAT270319C00800000,2026-09-03 19:15:31+00:00,800.0,8.73,7.55,9.85,-1.1700001,-11.818183,5.0,171,0.5802654278564454,False,REGULAR,USD,435.9100036621094
2027-03-19,820.0,809,2027-03-19,AMAT270319C00820000,2026-09-01 18:53:13+00:00,820.0,9.2,5.5,10.25,0.0,0.0,46.0,399,0.5826457751464844,False,REGULAR,USD,435.9100036621094
2027-03-19,840.0,810,2027-03-19,AMAT270319C00840000,2026-09-01 15:31:02+00:00,840.0,9.05,5.75,8.25,0.0,0.0,2.0,145,0.5824321542358398,False,REGULAR,USD,435.9100036621094
2027-03-19,860.0,811,2027-03-19,AMAT270319C00860000,2026-09-01 18:37:00+00:00,860.0,7.9,5.05,7.85,0.0,0.0,1.0,65,0.5867045724487304,False,REGULAR,USD,435.9100036621094
2027-03-19,900.0,812,2027-03-19,AMAT270319C00900000,2026-09-01 13:52:38+00:00,900.0,7.6,4.15,6.8,0.0,0.0,1.0,48,0.5942423388671876,False,REGULAR,USD,435.9100036621094
2027-03-19,910.0,813,2027-03-19,AMAT270319C00910000,2026-08-27 14:58:09+00:00,910.0,11.4,3.9,6.55,0.0,0.0,4.0,40,0.5952799261474608,False,REGULAR,USD,435.9100036621094
2027-03-19,920.0,814,2027-03-19,AMAT270319C00920000,2026-08-31 15:36:45+00:00,920.0,7.3,3.55,6.35,0.0,0.0,2.0,85,0.5954019952392577,False,REGULAR,USD,435.9100036621094
2027-03-19,950.0,817,2027-03-19,AMAT270319C00950000,2026-08-28 18:27:11+00:00,950.0,8.85,2.9,6.0,0.0,0.0,1.0,42,0.6019326916503909,False,REGULAR,USD,435.9100036621094
2027-03-19,1000.0,819,2027-03-19,AMAT270319C01000000,2026-09-03 19:57:53+00:00,1000.0,3.75,3.1,4.35,-0.8499999,-18.47826,8.0,769,0.6113930462646486,False,REGULAR,USD,435.9100036621094
2027-06-17,220.0,858,2027-06-17,AMAT270617C00220000,2026-09-03 16:38:20+00:00,220.0,227.36,224.4,231.35,-41.11,-15.312697,2.0,65,0.6847870877075196,True,REGULAR,USD,435.9100036621094
2027-06-17,230.0,859,2027-06-17,AMAT270617C00230000,2026-08-31 14:24:26+00:00,230.0,241.46,215.85,223.65,0.0,0.0,2.0,36,0.6800263931274416,True,REGULAR,USD,435.9100036621094
2027-06-17,320.0,868,2027-06-17,AMAT270617C00320000,2026-09-01 14:30:10+00:00,320.0,155.4,146.85,153.45,0.0,0.0,2.0,77,0.6017801052856447,True,REGULAR,USD,435.9100036621094
2027-06-17,330.0,869,2027-06-17,AMAT270617C00330000,2026-08-31 19:55:50+00:00,330.0,163.8,140.0,147.35,0.0,0.0,2.0,286,0.5985605329895021,True,REGULAR,USD,435.9100036621094
2027-06-17,340.0,870,2027-06-17,AMAT270617C00340000,2026-09-01 15:04:37+00:00,340.0,147.5,133.65,139.45,0.0,0.0,1.0,67,0.5882304360961915,True,REGULAR,USD,435.9100036621094
2027-06-17,350.0,871,2027-06-17,AMAT270617C00350000,2026-09-03 16:14:44+00:00,350.0,131.15,127.55,135.4,-6.180008,-4.500115,4.0,156,0.5936472520446778,True,REGULAR,USD,435.9100036621094
2027-06-17,370.0,873,2027-06-17,AMAT270617C00370000,2026-09-03 13:32:48+00:00,370.0,115.45,116.9,124.0,-11.389999,-8.979817,11.0,162,0.5918772502136231,True,REGULAR,USD,435.9100036621094
2027-06-17,380.0,874,2027-06-17,AMAT270617C00380000,2026-09-01 18:45:12+00:00,380.0,119.35,111.55,117.25,0.0,0.0,5.0,314,0.584766725616455,True,REGULAR,USD,435.9100036621094
2027-06-17,400.0,876,2027-06-17,AMAT270617C00400000,2026-09-03 13:31:17+00:00,400.0,103.4,100.75,106.35,-4.169998,-3.8765438,1.0,665,0.5761913719177245,True,REGULAR,USD,435.9100036621094
2027-06-17,410.0,877,2027-06-17,AMAT270617C00410000,2026-09-01 14:37:53+00:00,410.0,105.9,95.9,103.3,0.0,0.0,1.0,241,0.5803874969482423,True,REGULAR,USD,435.9100036621094
2027-06-17,420.0,878,2027-06-17,AMAT270617C00420000,2026-09-02 13:35:50+00:00,420.0,98.8,91.55,97.2,0.0,0.0,2.0,567,0.5744518873596192,True,REGULAR,USD,435.9100036621094
2027-06-17,430.0,879,2027-06-17,AMAT270617C00430000,2026-09-02 16:03:41+00:00,430.0,85.69,87.65,94.8,-7.159996,-7.7113585,1.0,441,0.5814327135467529,True,REGULAR,USD,435.9100036621094
2027-06-17,440.0,880,2027-06-17,AMAT270617C00440000,2026-09-03 16:26:58+00:00,440.0,85.09,85.15,88.0,-2.4000015,-2.7431724,3.0,517,0.5770840021514893,False,REGULAR,USD,435.9100036621094
2027-06-17,450.0,881,2027-06-17,AMAT270617C00450000,2026-09-03 18:47:17+00:00,450.0,82.4,80.4,83.75,-1.5,-1.7878426,5.0,64,0.5726971441650393,False,REGULAR,USD,435.9100036621094
2027-06-17,460.0,882,2027-06-17,AMAT270617C00460000,2026-09-03 14:45:15+00:00,460.0,74.0,76.3,81.35,-6.1500015,-7.6731143,1.0,149,0.575474216003418,False,REGULAR,USD,435.9100036621094
2027-06-17,470.0,883,2027-06-17,AMAT270617C00470000,2026-09-03 14:48:39+00:00,470.0,71.0,70.65,77.45,-5.1500015,-6.7629695,16.0,84,0.567265069580078,False,REGULAR,USD,435.9100036621094
2027-06-17,480.0,884,2027-06-17,AMAT270617C00480000,2026-09-03 19:49:16+00:00,480.0,70.91,68.95,74.75,-5.2699966,-6.9178214,4.0,102,0.5748180946350099,False,REGULAR,USD,435.9100036621094
2027-06-17,490.0,885,2027-06-17,AMAT270617C00490000,2026-09-03 14:55:31+00:00,490.0,65.61,65.65,72.2,-6.739998,-9.315823,4.0,216,0.5766796482849121,False,REGULAR,USD,435.9100036621094
2027-06-17,500.0,886,2027-06-17,AMAT270617C00500000,2026-09-03 16:54:13+00:00,500.0,64.56,64.3,67.2,-2.1399994,-3.208395,5.0,1047,0.5760082682800292,False,REGULAR,USD,435.9100036621094
2027-06-17,520.0,887,2027-06-17,AMAT270617C00520000,2026-09-02 15:06:26+00:00,520.0,60.13,55.8,60.7,0.0,0.0,39.0,962,0.5645490322875978,False,REGULAR,USD,435.9100036621094
2027-06-17,540.0,888,2027-06-17,AMAT270617C00540000,2026-09-03 14:46:15+00:00,540.0,50.74,52.3,55.8,-7.0099983,-12.138525,1.0,218,0.5712628323364258,False,REGULAR,USD,435.9100036621094
2027-06-17,560.0,889,2027-06-17,AMAT270617C00560000,2026-09-03 15:27:39+00:00,560.0,49.0,47.1,50.45,-0.5,-1.010101,1.0,355,0.5678754150390625,False,REGULAR,USD,435.9100036621094
2027-06-17,580.0,890,2027-06-17,AMAT270617C00580000,2026-09-03 18:37:11+00:00,580.0,43.8,40.7,48.6,-2.3199997,-5.030355,10.0,587,0.5692944682312011,False,REGULAR,USD,435.9100036621094
2027-06-17,600.0,891,2027-06-17,AMAT270617C00600000,2026-09-03 19:37:28+00:00,600.0,40.5,40.3,41.8,-1.7000008,-4.0284376,28.0,895,0.5717053327941897,False,REGULAR,USD,435.9100036621094
2027-06-17,610.0,892,2027-06-17,AMAT270617C00610000,2026-09-03 17:22:41+00:00,610.0,38.6,34.95,40.5,-1.1000023,-2.7707865,2.0,125,0.561253166809082,False,REGULAR,USD,435.9100036621094
2027-06-17,620.0,893,2027-06-17,AMAT270617C00620000,2026-09-03 17:56:48+00:00,620.0,36.95,32.9,41.5,-0.79999924,-2.1192033,4.0,272,0.5699353309631348,False,REGULAR,USD,435.9100036621094
2027-06-17,630.0,894,2027-06-17,AMAT270617C00630000,2026-09-03 17:12:44+00:00,630.0,35.5,33.25,39.55,-0.79999924,-2.2038548,4.0,245,0.5762371478271484,False,REGULAR,USD,435.9100036621094
2027-06-17,640.0,895,2027-06-17,AMAT270617C00640000,2026-09-03 17:10:25+00:00,640.0,34.0,32.4,35.75,-0.5999985,-1.7340997,113.0,317,0.5709881768798828,False,REGULAR,USD,435.9100036621094
2027-06-17,660.0,896,2027-06-17,AMAT270617C00660000,2026-09-03 18:32:18+00:00,660.0,31.25,29.25,34.15,-1.0999985,-3.4003046,237.0,635,0.5755657678222657,False,REGULAR,USD,435.9100036621094
2027-06-17,680.0,897,2027-06-17,AMAT270617C00680000,2026-09-03 17:45:23+00:00,680.0,28.2,24.75,32.55,-1.1599998,-3.950953,8.0,786,0.5730633514404297,False,REGULAR,USD,435.9100036621094
2027-06-17,700.0,898,2027-06-17,AMAT270617C00700000,2026-09-03 17:33:29+00:00,700.0,25.9,22.6,28.8,-0.95000076,-3.5381777,21.0,255,0.5691876577758789,False,REGULAR,USD,435.9100036621094
2027-06-17,720.0,899,2027-06-17,AMAT270617C00720000,2026-09-03 16:13:43+00:00,720.0,23.5,20.15,27.2,-0.94000053,-3.846156,8.0,275,0.5709729182434082,False,REGULAR,USD,435.9100036621094
2027-06-17,740.0,900,2027-06-17,AMAT270617C00740000,2026-09-03 14:12:27+00:00,740.0,21.62,21.7,23.5,-1.6399994,-7.0507283,122.0,138,0.5794567201232912,False,REGULAR,USD,435.9100036621094
2027-06-17,760.0,901,2027-06-17,AMAT270617C00760000,2026-09-03 16:13:30+00:00,760.0,20.35,16.7,22.95,-1.1999989,-5.5684404,41.0,237,0.5714306773376465,False,REGULAR,USD,435.9100036621094
2027-06-17,780.0,902,2027-06-17,AMAT270617C00780000,2026-09-03 13:52:03+00:00,780.0,18.9,15.65,21.7,-1.8000011,-8.695658,18.0,176,0.5766338723754882,False,REGULAR,USD,435.9100036621094
2027-06-17,800.0,903,2027-06-17,AMAT270617C00800000,2026-09-03 14:47:03+00:00,800.0,16.58,15.5,20.3,-2.4899998,-13.057157,24.0,614,0.5844462942504882,False,REGULAR,USD,435.9100036621094
2027-06-17,820.0,904,2027-06-17,AMAT270617C00820000,2026-09-03 13:51:16+00:00,820.0,16.1,15.5,17.75,-5.25,-24.590164,2.0,109,0.5863688824462892,False,REGULAR,USD,435.9100036621094
2027-06-17,840.0,905,2027-06-17,AMAT270617C00840000,2026-09-03 13:52:10+00:00,840.0,15.0,13.9,16.75,-0.6499996,-4.1533523,2.0,111,0.5868571588134766,False,REGULAR,USD,435.9100036621094
2027-06-17,860.0,906,2027-06-17,AMAT270617C00860000,2026-09-02 17:33:45+00:00,860.0,14.98,13.5,16.1,0.0,0.0,1.0,138,0.594654322052002,False,REGULAR,USD,435.9100036621094
2027-06-17,880.0,907,2027-06-17,AMAT270617C00880000,2026-09-01 18:53:54+00:00,880.0,14.85,12.25,15.5,0.0,0.0,12.0,161,0.5973245834350586,False,REGULAR,USD,435.9100036621094
2027-06-17,890.0,908,2027-06-17,AMAT270617C00890000,2026-09-01 13:45:39+00:00,890.0,15.05,10.55,14.95,0.0,0.0,7.0,100,0.5905497488403321,False,REGULAR,USD,435.9100036621094
2027-06-17,900.0,909,2027-06-17,AMAT270617C00900000,2026-09-02 14:59:27+00:00,900.0,13.0,11.75,13.55,0.0,0.0,8.0,157,0.5955088056945801,False,REGULAR,USD,435.9100036621094
2027-06-17,910.0,910,2027-06-17,AMAT270617C00910000,2026-08-31 17:52:39+00:00,910.0,14.0,11.3,14.85,0.0,0.0,1.0,58,0.6066018344116212,False,REGULAR,USD,435.9100036621094
2027-06-17,920.0,911,2027-06-17,AMAT270617C00920000,2026-09-03 19:58:40+00:00,920.0,11.9,11.0,14.25,-1.5300007,-11.392409,5.0,111,0.6072121798706055,False,REGULAR,USD,435.9100036621094
2027-06-17,930.0,912,2027-06-17,AMAT270617C00930000,2026-09-03 14:05:56+00:00,930.0,11.35,10.9,12.5,-16.75,-59.60854,13.0,166,0.6016732948303225,False,REGULAR,USD,435.9100036621094
2027-06-17,940.0,913,2027-06-17,AMAT270617C00940000,2026-09-03 19:56:39+00:00,940.0,11.05,10.4,11.85,-1.1399994,-9.351923,28.0,119,0.6000711380004884,False,REGULAR,USD,435.9100036621094
2027-06-17,950.0,914,2027-06-17,AMAT270617C00950000,2026-09-03 19:55:48+00:00,950.0,10.7,10.25,11.35,-2.3000002,-17.692308,4.0,66,0.6014444152832032,False,REGULAR,USD,435.9100036621094
2027-06-17,960.0,915,2027-06-17,AMAT270617C00960000,2026-09-01 15:36:41+00:00,960.0,12.55,9.9,11.4,0.0,0.0,1.0,66,0.6049844189453126,False,REGULAR,USD,435.9100036621094
2027-06-17,970.0,916,2027-06-17,AMAT270617C00970000,2026-09-03 19:59:28+00:00,970.0,10.15,9.8,10.85,-2.0500002,-16.80328,7.0,120,0.6060220062255861,False,REGULAR,USD,435.9100036621094
2027-06-17,980.0,917,2027-06-17,AMAT270617C00980000,2026-09-01 19:10:16+00:00,980.0,11.7,9.45,12.4,0.0,0.0,1.0,89,0.6194343476867679,False,REGULAR,USD,435.9100036621094
2027-06-17,1000.0,918,2027-06-17,AMAT270617C01000000,2026-09-03 15:20:38+00:00,1000.0,9.05,8.9,11.25,-0.6300001,-6.5082655,20.0,954,0.6183815017700197,False,REGULAR,USD,435.9100036621094
2027-06-17,1020.0,919,2027-06-17,AMAT270617C01020000,2026-09-03 19:56:16+00:00,1020.0,8.8,8.35,11.3,-0.42999935,-4.658715,10.0,521,0.6250342672729493,False,REGULAR,USD,435.9100036621094
2027-12-17,200.0,964,2027-12-17,AMAT271217C00200000,2026-08-28 18:32:57+00:00,200.0,282.5,251.0,258.0,0.0,0.0,1.0,262,0.6898834722900393,True,REGULAR,USD,435.9100036621094
2027-12-17,220.0,966,2027-12-17,AMAT271217C00220000,2026-09-01 14:31:09+00:00,220.0,244.7,235.0,242.85,0.0,0.0,10.0,237,0.6732515585327151,True,REGULAR,USD,435.9100036621094
2027-12-17,230.0,967,2027-12-17,AMAT271217C00230000,2026-09-02 15:45:02+00:00,230.0,234.5,228.0,234.9,0.0,0.0,1.0,58,0.6665987930297853,True,REGULAR,USD,435.9100036621094
2027-12-17,250.0,969,2027-12-17,AMAT271217C00250000,2026-08-28 16:48:21+00:00,250.0,246.0,213.0,219.7,0.0,0.0,1.0,222,0.648441015625,True,REGULAR,USD,435.9100036621094
2027-12-17,280.0,972,2027-12-17,AMAT271217C00280000,2026-09-03 19:34:46+00:00,280.0,196.42,191.0,199.8,-48.199997,-19.70403,1.0,51,0.6295508236694337,True,REGULAR,USD,435.9100036621094
2027-12-17,290.0,973,2027-12-17,AMAT271217C00290000,2026-08-28 15:44:52+00:00,290.0,219.5,185.0,193.0,0.0,0.0,4.0,97,0.6259345268249512,True,REGULAR,USD,435.9100036621094
2027-12-17,300.0,974,2027-12-17,AMAT271217C00300000,2026-09-01 14:27:40+00:00,300.0,190.0,180.0,186.95,0.0,0.0,4.0,122,0.6277503045654298,True,REGULAR,USD,435.9100036621094
2027-12-17,310.0,975,2027-12-17,AMAT271217C00310000,2026-08-27 14:00:44+00:00,310.0,216.63,172.0,182.0,0.0,0.0,1.0,186,0.6212806427001953,True,REGULAR,USD,435.9100036621094
2027-12-17,340.0,978,2027-12-17,AMAT271217C00340000,2026-09-02 16:07:47+00:00,340.0,164.05,156.0,164.0,0.0,0.0,3.0,89,0.6132393412780763,True,REGULAR,USD,435.9100036621094
2027-12-17,350.0,979,2027-12-17,AMAT271217C00350000,2026-08-28 17:05:37+00:00,350.0,180.71,151.0,158.0,0.0,0.0,40.0,94,0.6097756307983401,True,REGULAR,USD,435.9100036621094
2027-12-17,360.0,980,2027-12-17,AMAT271217C00360000,2026-09-03 17:49:47+00:00,360.0,148.09,144.0,153.3,-118.16,-44.37934,3.0,63,0.6033212275695803,True,REGULAR,USD,435.9100036621094
2027-12-17,410.0,985,2027-12-17,AMAT271217C00410000,2026-09-01 13:56:51+00:00,410.0,133.45,121.0,130.0,0.0,0.0,1.0,63,0.5959360475158693,True,REGULAR,USD,435.9100036621094
2027-12-17,420.0,986,2027-12-17,AMAT271217C00420000,2026-09-02 15:56:30+00:00,420.0,124.5,118.0,125.0,0.0,0.0,1.0,104,0.5956766506958008,True,REGULAR,USD,435.9100036621094
2027-12-17,440.0,988,2027-12-17,AMAT271217C00440000,2026-09-03 18:22:57+00:00,440.0,113.4,109.0,118.0,-1.5999985,-1.3913031,8.0,142,0.5930369065856935,False,REGULAR,USD,435.9100036621094
2027-12-17,450.0,989,2027-12-17,AMAT271217C00450000,2026-09-01 14:56:58+00:00,450.0,116.85,106.0,113.1,0.0,0.0,1.0,87,0.5910075079345705,False,REGULAR,USD,435.9100036621094
2027-12-17,470.0,991,2027-12-17,AMAT271217C00470000,2026-08-28 15:35:58+00:00,470.0,132.73,98.0,107.0,0.0,0.0,1.0,48,0.589596084060669,False,REGULAR,USD,435.9100036621094
2027-12-17,480.0,992,2027-12-17,AMAT271217C00480000,2026-08-31 18:11:50+00:00,480.0,114.95,94.5,103.9,0.0,0.0,1.0,62,0.58916884223938,False,REGULAR,USD,435.9100036621094
2027-12-17,490.0,993,2027-12-17,AMAT271217C00490000,2026-09-02 18:34:07+00:00,490.0,98.4,91.0,101.0,0.0,0.0,1.0,70,0.5886881951904297,False,REGULAR,USD,435.9100036621094
2027-12-17,500.0,994,2027-12-17,AMAT271217C00500000,2026-09-03 16:31:57+00:00,500.0,92.4,89.0,94.75,-5.0999985,-5.2307677,1.0,100,0.5829509478759765,False,REGULAR,USD,435.9100036621094
2027-12-17,520.0,995,2027-12-17,AMAT271217C00520000,2026-09-01 14:39:48+00:00,520.0,92.05,85.85,92.0,0.0,0.0,2.0,132,0.5969126002502443,False,REGULAR,USD,435.9100036621094
2027-12-17,540.0,996,2027-12-17,AMAT271217C00540000,2026-09-03 17:49:47+00:00,540.0,80.56,78.35,84.85,-2.9900055,-3.5787017,2.0,187,0.5866893138122558,False,REGULAR,USD,435.9100036621094
2027-12-17,560.0,997,2027-12-17,AMAT271217C00560000,2026-09-03 13:31:45+00:00,560.0,75.62,72.0,81.0,-14.379997,-15.977775,1.0,256,0.5859568992614745,False,REGULAR,USD,435.9100036621094
2027-12-17,580.0,998,2027-12-17,AMAT271217C00580000,2026-09-03 13:31:45+00:00,580.0,70.92,67.0,75.45,-49.96,-41.330246,1.0,67,0.5826228871917725,False,REGULAR,USD,435.9100036621094
2027-12-17,600.0,999,2027-12-17,AMAT271217C00600000,2026-09-03 13:40:46+00:00,600.0,62.0,62.0,72.0,-7.5,-10.791367,2.0,114,0.5830424996948241,False,REGULAR,USD,435.9100036621094
2027-12-17,610.0,1000,2027-12-17,AMAT271217C00610000,2026-09-01 15:55:03+00:00,610.0,72.0,60.0,69.0,0.0,0.0,3.0,44,0.5807002989959716,False,REGULAR,USD,435.9100036621094
2027-12-17,620.0,1001,2027-12-17,AMAT271217C00620000,2026-09-03 17:53:13+00:00,620.0,62.66,58.0,66.2,-0.43999863,-0.6973037,4.0,87,0.5784877967071534,False,REGULAR,USD,435.9100036621094
2027-12-17,630.0,1002,2027-12-17,AMAT271217C00630000,2026-09-03 18:15:37+00:00,630.0,61.15,56.0,66.0,-31.39,-33.920467,2.0,220,0.582661033782959,False,REGULAR,USD,435.9100036621094
2027-12-17,640.0,1003,2027-12-17,AMAT271217C00640000,2026-09-03 13:52:52+00:00,640.0,58.65,54.0,62.1,-4.3499985,-6.9047594,14.0,63,0.5768780105590819,False,REGULAR,USD,435.9100036621094
2027-12-17,660.0,1004,2027-12-17,AMAT271217C00660000,2026-09-02 19:04:54+00:00,660.0,57.05,52.05,58.9,0.0,0.0,1.0,354,0.5817073690032959,False,REGULAR,USD,435.9100036621094
2027-12-17,680.0,1005,2027-12-17,AMAT271217C00680000,2026-09-02 16:57:57+00:00,680.0,53.78,48.95,54.85,0.0,0.0,1.0,64,0.5800518069458008,False,REGULAR,USD,435.9100036621094
2027-12-17,700.0,1006,2027-12-17,AMAT271217C00700000,2026-09-03 18:13:09+00:00,700.0,49.4,45.55,53.15,-2.5999985,-4.999997,5.0,157,0.5827678442382812,False,REGULAR,USD,435.9100036621094
2027-12-17,720.0,1007,2027-12-17,AMAT271217C00720000,2026-09-01 18:48:09+00:00,720.0,49.75,42.05,49.75,0.0,0.0,1.0,71,0.579479608078003,False,REGULAR,USD,435.9100036621094
2027-12-17,740.0,1008,2027-12-17,AMAT271217C00740000,2026-09-03 14:37:23+00:00,740.0,41.72,39.0,46.1,-3.3400002,-7.4123387,6.0,36,0.5755657678222657,False,REGULAR,USD,435.9100036621094
2027-12-17,760.0,1009,2027-12-17,AMAT271217C00760000,2026-08-31 18:00:03+00:00,760.0,41.25,37.75,44.95,-9.75,-19.117647,2.0,177,0.5829356892395019,False,REGULAR,USD,435.9100036621094
2027-12-17,780.0,1010,2027-12-17,AMAT271217C00780000,2026-09-02 13:35:10+00:00,780.0,41.73,35.15,41.75,0.0,0.0,1.0,38,0.5796398237609863,False,REGULAR,USD,435.9100036621094
2027-12-17,800.0,1011,2027-12-17,AMAT271217C00800000,2026-09-01 18:48:09+00:00,800.0,39.47,33.3,42.0,0.0,0.0,6.0,232,0.587917634048462,False,REGULAR,USD,435.9100036621094
2027-12-17,820.0,1012,2027-12-17,AMAT271217C00820000,2026-08-31 18:00:49+00:00,820.0,34.88,32.15,37.4,-9.360001,-21.157324,1.0,88,0.5829967237854004,False,REGULAR,USD,435.9100036621094
2027-12-17,840.0,1013,2027-12-17,AMAT271217C00840000,2026-08-28 15:39:46+00:00,840.0,48.86,29.25,38.75,0.0,0.0,175.0,141,0.5901835415649416,False,REGULAR,USD,435.9100036621094
2027-12-17,860.0,1014,2027-12-17,AMAT271217C00860000,2026-09-03 13:52:39+00:00,860.0,31.65,28.6,37.0,-1.9200001,-5.7193923,2.0,94,0.5941965629577637,False,REGULAR,USD,435.9100036621094
2027-12-17,880.0,1015,2027-12-17,AMAT271217C00880000,2026-08-28 15:41:32+00:00,880.0,44.54,26.4,32.35,0.0,0.0,14.0,124,0.5831493101501464,False,REGULAR,USD,435.9100036621094
2027-12-17,900.0,1017,2027-12-17,AMAT271217C00900000,2026-08-28 15:42:09+00:00,900.0,42.62,24.0,32.0,0.0,0.0,2.0,58,0.5845988806152342,False,REGULAR,USD,435.9100036621094
2027-12-17,920.0,1019,2027-12-17,AMAT271217C00920000,2026-08-28 15:33:25+00:00,920.0,41.13,23.0,30.4,0.0,0.0,2.0,14,0.5859721578979492,False,REGULAR,USD,435.9100036621094
2027-12-17,930.0,1020,2027-12-17,AMAT271217C00930000,2026-09-03 17:53:13+00:00,930.0,26.6,23.1,30.1,-1.9499989,-6.8301187,2.0,63,0.5902750933837893,False,REGULAR,USD,435.9100036621094
2027-12-17,950.0,1022,2027-12-17,AMAT271217C00950000,2026-09-01 15:26:24+00:00,950.0,29.35,21.2,27.85,0.0,0.0,2.0,24,0.5853465538024902,False,REGULAR,USD,435.9100036621094
2027-12-17,960.0,1023,2027-12-17,AMAT271217C00960000,2026-08-28 15:33:25+00:00,960.0,37.66,21.15,28.0,0.0,0.0,2.0,25,0.5904429383850098,False,REGULAR,USD,435.9100036621094
2027-12-17,980.0,1025,2027-12-17,AMAT271217C00980000,2026-08-28 18:03:02+00:00,980.0,34.29,20.2,27.0,0.0,0.0,2.0,151,0.5925944061279298,False,REGULAR,USD,435.9100036621094
2027-12-17,1000.0,1026,2027-12-17,AMAT271217C01000000,2026-09-03 13:54:27+00:00,1000.0,22.17,20.05,25.1,-7.1800003,-24.463373,2.0,422,0.5939066488647461,False,REGULAR,USD,435.9100036621094
2027-12-17,1020.0,1027,2027-12-17,AMAT271217C01020000,2026-09-03 19:26:50+00:00,1020.0,22.33,17.25,23.7,-1.1499996,-4.8977838,27.0,611,0.5863536238098146,False,REGULAR,USD,435.9100036621094
2028-01-21,150.0,1038,2028-01-21,AMAT280121C00150000,2026-08-31 13:36:51+00:00,150.0,324.0,293.0,302.0,0.0,0.0,1.0,16,0.7482019808959962,True,REGULAR,USD,435.9100036621094
2028-01-21,190.0,1046,2028-01-21,AMAT280121C00190000,2026-09-03 18:58:43+00:00,190.0,264.23,260.95,268.0,-69.81998,-20.901056,1.0,28,0.70117486328125,True,REGULAR,USD,435.9100036621094
2028-01-21,200.0,1048,2028-01-21,AMAT280121C00200000,2026-09-03 18:58:43+00:00,200.0,256.21,251.0,259.85,-26.790009,-9.4664345,2.0,56,0.6773103558349609,True,REGULAR,USD,435.9100036621094
2028-01-21,240.0,1052,2028-01-21,AMAT280121C00240000,2026-09-02 15:41:38+00:00,240.0,230.25,222.0,230.0,0.0,0.0,1.0,98,0.6550480052185059,True,REGULAR,USD,435.9100036621094
2028-01-21,260.0,1054,2028-01-21,AMAT280121C00260000,2026-09-01 14:18:54+00:00,260.0,218.0,208.0,215.95,0.0,0.0,1.0,111,0.6430852342224123,True,REGULAR,USD,435.9100036621094
2028-01-21,290.0,1057,2028-01-21,AMAT280121C00290000,2026-08-28 19:12:11+00:00,290.0,216.0,188.0,196.0,0.0,0.0,5.0,53,0.6263617686462404,True,REGULAR,USD,435.9100036621094
2028-01-21,320.0,1060,2028-01-21,AMAT280121C00320000,2026-09-03 17:39:15+00:00,320.0,174.5,171.0,177.95,-41.070007,-19.05182,1.0,158,0.6187629676818849,True,REGULAR,USD,435.9100036621094
2028-01-21,330.0,1061,2028-01-21,AMAT280121C00330000,2026-09-02 15:51:29+00:00,330.0,171.2,165.0,172.35,0.0,0.0,1.0,112,0.6145973599243165,True,REGULAR,USD,435.9100036621094
2028-01-21,340.0,1062,2028-01-21,AMAT280121C00340000,2026-09-03 13:45:19+00:00,340.0,161.8,160.0,166.25,-48.67,-23.124435,2.0,172,0.6112099426269533,True,REGULAR,USD,435.9100036621094
2028-01-21,350.0,1063,2028-01-21,AMAT280121C00350000,2026-09-03 16:41:30+00:00,350.0,157.25,153.0,163.0,-3.75,-2.3291926,2.0,197,0.6096077857971194,True,REGULAR,USD,435.9100036621094
2028-01-21,360.0,1064,2028-01-21,AMAT280121C00360000,2026-09-03 16:39:57+00:00,360.0,154.45,148.65,158.0,-3.550003,-2.2468374,3.0,108,0.6098137773895266,True,REGULAR,USD,435.9100036621094
2028-01-21,370.0,1065,2028-01-21,AMAT280121C00370000,2026-09-03 14:38:21+00:00,370.0,142.09,143.0,153.0,-7.3399963,-4.911997,2.0,1301,0.6053506262207033,True,REGULAR,USD,435.9100036621094
2028-01-21,380.0,1066,2028-01-21,AMAT280121C00380000,2026-09-02 19:49:22+00:00,380.0,140.0,139.0,147.0,-6.9600067,-4.7359867,2.0,102,0.6020700193786623,True,REGULAR,USD,435.9100036621094
2028-01-21,390.0,1067,2028-01-21,AMAT280121C00390000,2026-08-28 17:13:50+00:00,390.0,164.4,134.0,142.5,0.0,0.0,2.0,56,0.5995065684509278,True,REGULAR,USD,435.9100036621094
2028-01-21,400.0,1068,2028-01-21,AMAT280121C00400000,2026-09-03 19:53:00+00:00,400.0,133.5,129.0,137.75,-4.1100006,-2.986702,4.0,222,0.5955774695587158,True,REGULAR,USD,435.9100036621094
2028-01-21,410.0,1069,2028-01-21,AMAT280121C00410000,2026-09-01 16:43:14+00:00,410.0,135.22,125.0,134.0,0.0,0.0,1.0,263,0.596409065246582,True,REGULAR,USD,435.9100036621094
2028-01-21,420.0,1070,2028-01-21,AMAT280121C00420000,2026-09-01 15:38:17+00:00,420.0,134.5,121.0,129.5,0.0,0.0,3.0,101,0.5945169943237305,True,REGULAR,USD,435.9100036621094
2028-01-21,430.0,1071,2028-01-21,AMAT280121C00430000,2026-09-02 15:47:35+00:00,430.0,124.98,118.35,124.8,0.0,0.0,4.0,130,0.5950129000091553,True,REGULAR,USD,435.9100036621094
2028-01-21,440.0,1072,2028-01-21,AMAT280121C00440000,2026-09-03 18:27:00+00:00,440.0,117.41,113.0,123.0,-2.8899994,-2.402327,6.0,192,0.5953562193298338,False,REGULAR,USD,435.9100036621094
2028-01-21,450.0,1073,2028-01-21,AMAT280121C00450000,2026-09-03 16:15:43+00:00,450.0,114.0,110.45,117.2,-5.199997,-4.362414,3.0,354,0.5920145779418947,False,REGULAR,USD,435.9100036621094
2028-01-21,460.0,1074,2028-01-21,AMAT280121C00460000,2026-09-02 19:08:22+00:00,460.0,113.0,106.0,113.9,0.0,0.0,1.0,49,0.5896494892883302,False,REGULAR,USD,435.9100036621094
2028-01-21,470.0,1075,2028-01-21,AMAT280121C00470000,2026-09-01 18:52:34+00:00,470.0,111.0,102.0,110.9,0.0,0.0,74.0,116,0.5886424192810058,False,REGULAR,USD,435.9100036621094
2028-01-21,480.0,1076,2028-01-21,AMAT280121C00480000,2026-09-01 13:59:17+00:00,480.0,110.7,99.0,108.0,0.0,0.0,6.0,119,0.5898478515625001,False,REGULAR,USD,435.9100036621094
2028-01-21,490.0,1077,2028-01-21,AMAT280121C00490000,2026-09-01 13:51:29+00:00,490.0,107.44,96.0,103.3,0.0,0.0,2.0,282,0.5860331924438477,False,REGULAR,USD,435.9100036621094
2028-01-21,500.0,1078,2028-01-21,AMAT280121C00500000,2026-09-03 14:31:19+00:00,500.0,93.35,93.0,101.25,-9.260002,-9.024464,3.0,486,0.5883067292785646,False,REGULAR,USD,435.9100036621094
2028-01-21,520.0,1079,2028-01-21,AMAT280121C00520000,2026-09-02 15:07:42+00:00,520.0,94.33,87.0,94.4,0.0,0.0,2.0,315,0.584591251296997,False,REGULAR,USD,435.9100036621094
2028-01-21,540.0,1080,2028-01-21,AMAT280121C00540000,2026-08-28 17:57:32+00:00,540.0,107.85,81.0,88.05,0.0,0.0,6.0,223,0.5803264624023439,False,REGULAR,USD,435.9100036621094
2028-01-21,560.0,1081,2028-01-21,AMAT280121C00560000,2026-09-01 13:59:32+00:00,560.0,86.25,76.0,83.45,0.0,0.0,2.0,701,0.5810741355895996,False,REGULAR,USD,435.9100036621094
2028-01-21,580.0,1082,2028-01-21,AMAT280121C00580000,2026-09-02 15:01:02+00:00,580.0,77.23,71.0,79.5,0.0,0.0,2.0,145,0.5818370674133302,False,REGULAR,USD,435.9100036621094
2028-01-21,600.0,1083,2028-01-21,AMAT280121C00600000,2026-09-03 16:50:39+00:00,600.0,71.7,67.0,76.0,-1.6000061,-2.1828187,5.0,488,0.5846904324340819,False,REGULAR,USD,435.9100036621094
2028-01-21,610.0,1084,2028-01-21,AMAT280121C00610000,2026-08-28 18:00:04+00:00,610.0,89.35,64.45,74.0,0.0,0.0,5.0,43,0.5836299571990965,False,REGULAR,USD,435.9100036621094
2028-01-21,620.0,1085,2028-01-21,AMAT280121C00620000,2026-09-03 13:54:08+00:00,620.0,65.65,62.0,72.0,-6.869995,-9.473243,2.0,83,0.5824779301452636,False,REGULAR,USD,435.9100036621094
2028-01-21,630.0,1086,2028-01-21,AMAT280121C00630000,2026-09-03 13:54:21+00:00,630.0,63.65,60.0,70.0,-7.0499954,-9.971705,2.0,182,0.5821117228698729,False,REGULAR,USD,435.9100036621094
2028-01-21,640.0,1087,2028-01-21,AMAT280121C00640000,2026-09-03 19:54:06+00:00,640.0,62.15,62.2,65.55,-2.5499954,-3.9412606,2.0,366,0.5858043128967285,False,REGULAR,USD,435.9100036621094
2028-01-21,660.0,1088,2028-01-21,AMAT280121C00660000,2026-09-03 13:54:16+00:00,660.0,58.45,55.8,62.75,-6.1000023,-9.450042,2.0,118,0.5805248246765138,False,REGULAR,USD,435.9100036621094
2028-01-21,680.0,1089,2028-01-21,AMAT280121C00680000,2026-09-03 18:36:11+00:00,680.0,56.5,52.85,59.7,-2.9500008,-4.962154,4.0,91,0.5821574987792968,False,REGULAR,USD,435.9100036621094
2028-01-21,700.0,1090,2028-01-21,AMAT280121C00700000,2026-09-03 16:42:03+00:00,700.0,53.31,49.0,54.3,-4.4799995,-7.752205,6.0,326,0.5742916716766356,False,REGULAR,USD,435.9100036621094
2028-01-21,720.0,1091,2028-01-21,AMAT280121C00720000,2026-09-03 13:31:43+00:00,720.0,50.44,46.0,55.0,-2.4099998,-4.5600758,4.0,84,0.5835078881072997,False,REGULAR,USD,435.9100036621094
2028-01-21,740.0,1092,2028-01-21,AMAT280121C00740000,2026-09-03 14:37:54+00:00,740.0,45.57,43.0,50.45,-5.049999,-9.976293,3.0,63,0.5779613737487792,False,REGULAR,USD,435.9100036621094
2028-01-21,760.0,1093,2028-01-21,AMAT280121C00760000,2026-09-03 14:39:40+00:00,760.0,43.4,42.1,48.3,-4.549999,-9.48905,2.0,128,0.5835765519714353,False,REGULAR,USD,435.9100036621094
2028-01-21,780.0,1094,2028-01-21,AMAT280121C00780000,2026-09-03 14:38:14+00:00,780.0,40.65,38.0,45.35,-4.0999985,-9.162007,17.0,81,0.5773968041992188,False,REGULAR,USD,435.9100036621094
2028-01-21,800.0,1095,2028-01-21,AMAT280121C00800000,2026-09-01 14:37:26+00:00,800.0,46.18,37.8,43.65,0.0,0.0,1.0,549,0.5847438376617431,False,REGULAR,USD,435.9100036621094
2028-01-21,840.0,1097,2028-01-21,AMAT280121C00840000,2026-09-02 15:39:18+00:00,840.0,38.0,33.4,41.0,0.0,0.0,2.0,42,0.5883677638244629,False,REGULAR,USD,435.9100036621094
2028-01-21,860.0,1098,2028-01-21,AMAT280121C00860000,2026-09-03 18:17:33+00:00,860.0,34.45,32.35,39.25,-4.6899986,-11.982623,1.0,79,0.5913584565734864,False,REGULAR,USD,435.9100036621094
2028-01-21,880.0,1099,2028-01-21,AMAT280121C00880000,2026-09-02 14:12:50+00:00,880.0,35.9,29.0,37.1,0.0,0.0,1.0,47,0.5855601747131347,False,REGULAR,USD,435.9100036621094
2028-01-21,900.0,1101,2028-01-21,AMAT280121C00900000,2026-09-02 18:17:05+00:00,900.0,33.15,28.0,34.95,0.0,0.0,6.0,81,0.5862010374450684,False,REGULAR,USD,435.9100036621094
2028-01-21,910.0,1102,2028-01-21,AMAT280121C00910000,2026-09-02 15:51:29+00:00,910.0,33.0,28.0,36.0,0.0,0.0,1.0,16,0.5945475115966796,False,REGULAR,USD,435.9100036621094
2028-01-21,920.0,1103,2028-01-21,AMAT280121C00920000,2026-09-03 18:18:04+00:00,920.0,30.5,26.0,35.0,-1.25,-3.937008,2.0,28,0.5900767311096193,False,REGULAR,USD,435.9100036621094
2028-01-21,930.0,1104,2028-01-21,AMAT280121C00930000,2026-08-31 17:34:44+00:00,930.0,37.15,25.65,34.0,0.0,0.0,1.0,64,0.5906413006591797,False,REGULAR,USD,435.9100036621094
2028-01-21,940.0,1105,2028-01-21,AMAT280121C00940000,2026-08-31 14:30:36+00:00,940.0,39.68,25.0,32.6,0.0,0.0,2.0,163,0.588795005645752,False,REGULAR,USD,435.9100036621094
2028-01-21,960.0,1107,2028-01-21,AMAT280121C00960000,2026-08-31 14:48:55+00:00,960.0,38.08,24.1,30.8,0.0,0.0,6.0,137,0.5892375061035158,False,REGULAR,USD,435.9100036621094
2028-01-21,970.0,1108,2028-01-21,AMAT280121C00970000,2026-08-28 14:18:33+00:00,970.0,41.61,24.7,30.4,0.0,0.0,2.0,63,0.5944712184143066,False,REGULAR,USD,435.9100036621094
2028-01-21,980.0,1109,2028-01-21,AMAT280121C00980000,2026-08-31 15:38:53+00:00,980.0,33.1,23.9,31.4,0.0,0.0,11.0,381,0.5996438961791993,False,REGULAR,USD,435.9100036621094
2028-01-21,1000.0,1110,2028-01-21,AMAT280121C01000000,2026-09-03 17:37:45+00:00,1000.0,25.61,25.0,28.95,-0.84000015,-3.175804,11.0,380,0.6038857971191409,False,REGULAR,USD,435.9100036621094
2028-01-21,1020.0,1111,2028-01-21,AMAT280121C01020000,2026-09-03 16:53:04+00:00,1020.0,24.05,21.7,27.9,-1.4500008,-5.6862774,28.0,323,0.5973703593444823,False,REGULAR,USD,435.9100036621094
2028-12-15,230.0,1112,2028-12-15,AMAT281215C00230000,2026-09-03 19:33:29+00:00,230.0,253.0,248.0,257.0,-46.399994,-15.497661,2.0,20,0.6596103375244142,True,REGULAR,USD,435.9100036621094
2028-12-15,240.0,1113,2028-12-15,AMAT281215C00240000,2026-09-03 19:33:29+00:00,240.0,247.0,242.0,252.0,-28.0,-10.181818,2.0,17,0.6594730097961428,True,REGULAR,USD,435.9100036621094
2028-12-15,250.0,1114,2028-12-15,AMAT281215C00250000,2026-08-27 14:43:50+00:00,250.0,280.05,236.0,246.0,0.0,0.0,1.0,40,0.6549106774902345,True,REGULAR,USD,435.9100036621094
2028-12-15,260.0,1115,2028-12-15,AMAT281215C00260000,2026-09-02 13:55:35+00:00,260.0,235.44,230.0,240.0,0.0,0.0,9.0,16,0.6497074824523927,True,REGULAR,USD,435.9100036621094
2028-12-15,280.0,1117,2028-12-15,AMAT281215C00280000,2026-09-01 17:27:46+00:00,280.0,229.8,219.0,229.0,0.0,0.0,2.0,17,0.643604027862549,True,REGULAR,USD,435.9100036621094
2028-12-15,290.0,1118,2028-12-15,AMAT281215C00290000,2026-09-03 16:01:39+00:00,290.0,219.0,214.0,223.0,-47.200012,-17.731031,1.0,46,0.6395910064697266,True,REGULAR,USD,435.9100036621094
2028-12-15,300.0,1119,2028-12-15,AMAT281215C00300000,2026-09-02 15:55:34+00:00,300.0,217.88,209.0,219.0,0.0,0.0,10.0,32,0.6405980764770508,True,REGULAR,USD,435.9100036621094
2028-12-15,310.0,1120,2028-12-15,AMAT281215C00310000,2026-09-01 18:58:38+00:00,310.0,213.53,204.0,214.0,0.0,0.0,1.0,7,0.6381109187316896,True,REGULAR,USD,435.9100036621094
2028-12-15,320.0,1121,2028-12-15,AMAT281215C00320000,2026-08-27 13:45:39+00:00,320.0,249.0,199.0,209.0,0.0,0.0,1.0,21,0.6350668207550051,True,REGULAR,USD,435.9100036621094
2028-12-15,350.0,1124,2028-12-15,AMAT281215C00350000,2026-09-01 19:54:39+00:00,350.0,197.0,185.0,195.0,0.0,0.0,1.0,45,0.6280097013854982,True,REGULAR,USD,435.9100036621094
2028-12-15,360.0,1125,2028-12-15,AMAT281215C00360000,2026-09-01 19:54:39+00:00,360.0,192.7,181.0,191.0,0.0,0.0,1.0,3,0.6279105202484132,True,REGULAR,USD,435.9100036621094
2028-12-15,370.0,1126,2028-12-15,AMAT281215C00370000,2026-09-03 14:03:18+00:00,370.0,176.0,177.0,186.0,-53.880005,-23.438316,1.0,51,0.6249427154541016,True,REGULAR,USD,435.9100036621094
2028-12-15,380.0,1127,2028-12-15,AMAT281215C00380000,2026-08-27 18:29:39+00:00,380.0,216.0,173.0,182.0,0.0,0.0,2.0,51,0.6238898695373536,True,REGULAR,USD,435.9100036621094
2028-12-15,390.0,1128,2028-12-15,AMAT281215C00390000,2026-09-03 13:46:21+00:00,390.0,172.86,169.0,178.0,-4.7700043,-2.6853595,1.0,4,0.6223945231628418,True,REGULAR,USD,435.9100036621094
2028-12-15,400.0,1129,2028-12-15,AMAT281215C00400000,2026-09-03 19:18:15+00:00,400.0,170.06,165.0,174.0,-6.5400085,-3.703289,2.0,30,0.6204871936035157,True,REGULAR,USD,435.9100036621094
2028-12-15,420.0,1131,2028-12-15,AMAT281215C00420000,2026-09-03 18:43:04+00:00,420.0,162.57,158.0,168.0,-3.519989,-2.1193264,2.0,5,0.6220588331604004,True,REGULAR,USD,435.9100036621094
2028-12-15,430.0,1132,2028-12-15,AMAT281215C00430000,2026-09-03 18:43:04+00:00,430.0,159.32,154.0,164.0,-3.219986,-1.9810423,11.0,24,0.619014735183716,True,REGULAR,USD,435.9100036621094
2028-12-15,440.0,1133,2028-12-15,AMAT281215C00440000,2026-09-03 18:44:52+00:00,440.0,156.0,151.0,160.0,-3.199997,-2.0100484,20.0,38,0.6177787856292725,False,REGULAR,USD,435.9100036621094
2028-12-15,450.0,1134,2028-12-15,AMAT281215C00450000,2026-09-02 16:36:28+00:00,450.0,155.54,148.0,157.0,0.0,0.0,35.0,45,0.618289949951172,False,REGULAR,USD,435.9100036621094
2028-12-15,460.0,1135,2028-12-15,AMAT281215C00460000,2026-09-02 16:45:01+00:00,460.0,151.96,144.0,153.95,0.0,0.0,10.0,70,0.6162834392547608,False,REGULAR,USD,435.9100036621094
2028-12-15,470.0,1136,2028-12-15,AMAT281215C00470000,2026-09-02 14:36:20+00:00,470.0,150.69,141.0,151.0,0.0,0.0,1.0,50,0.6162300340270996,False,REGULAR,USD,435.9100036621094
2028-12-15,480.0,1137,2028-12-15,AMAT281215C00480000,2026-09-02 17:44:51+00:00,480.0,150.85,138.55,148.0,0.0,0.0,2.0,63,0.6168708967590333,False,REGULAR,USD,435.9100036621094
2028-12-15,490.0,1138,2028-12-15,AMAT281215C00490000,2026-09-01 19:07:21+00:00,490.0,145.0,135.5,145.0,0.0,0.0,7.0,32,0.6159935251617432,False,REGULAR,USD,435.9100036621094
2028-12-15,500.0,1139,2028-12-15,AMAT281215C00500000,2026-09-03 14:11:12+00:00,500.0,133.35,134.0,142.0,-6.049988,-4.34002,2.0,203,0.6179390013122559,False,REGULAR,USD,435.9100036621094
2028-12-15,510.0,1140,2028-12-15,AMAT281215C00510000,2026-09-01 16:56:11+00:00,510.0,140.8,130.0,139.0,0.0,0.0,10.0,23,0.6146049892425538,False,REGULAR,USD,435.9100036621094
2028-12-15,520.0,1141,2028-12-15,AMAT281215C00520000,2026-09-03 18:00:19+00:00,520.0,131.32,127.3,136.0,-52.70999,-28.642065,51.0,40,0.6136055485534668,False,REGULAR,USD,435.9100036621094
2028-12-15,530.0,1142,2028-12-15,AMAT281215C00530000,2026-09-01 13:46:27+00:00,530.0,135.27,124.25,133.7,0.0,0.0,2.0,54,0.6130486083221437,False,REGULAR,USD,435.9100036621094
2028-12-15,540.0,1143,2028-12-15,AMAT281215C00540000,2026-09-01 19:13:15+00:00,540.0,131.45,122.8,131.0,0.0,0.0,3.0,78,0.6145821012878419,False,REGULAR,USD,435.9100036621094
2028-12-15,550.0,1144,2028-12-15,AMAT281215C00550000,2026-09-03 13:56:25+00:00,550.0,122.0,119.2,127.9,-6.5,-5.058366,9.0,47,0.610904769897461,False,REGULAR,USD,435.9100036621094
2028-12-15,560.0,1145,2028-12-15,AMAT281215C00560000,2026-09-01 16:17:44+00:00,560.0,129.8,117.0,125.7,0.0,0.0,6.0,31,0.611476968765259,False,REGULAR,USD,435.9100036621094
2028-12-15,570.0,1146,2028-12-15,AMAT281215C00570000,2026-09-03 19:59:16+00:00,570.0,119.4,116.05,123.0,-6.0999985,-4.8605566,2.0,230,0.6132622292327882,False,REGULAR,USD,435.9100036621094
2028-12-15,610.0,1147,2028-12-15,AMAT281215C00610000,2026-09-01 13:45:05+00:00,610.0,115.62,106.0,115.0,0.0,0.0,2.0,20,0.6116219258117679,False,REGULAR,USD,435.9100036621094
2028-12-15,620.0,1148,2028-12-15,AMAT281215C00620000,2026-09-03 14:08:10+00:00,620.0,103.7,104.0,112.5,-24.90001,-19.362371,2.0,59,0.6107445542144778,False,REGULAR,USD,435.9100036621094
2028-12-15,630.0,1149,2028-12-15,AMAT281215C00630000,2026-08-31 16:28:44+00:00,630.0,119.8,102.0,109.45,0.0,0.0,4.0,10,0.6086312330627444,False,REGULAR,USD,435.9100036621094
2028-12-15,650.0,1150,2028-12-15,AMAT281215C00650000,2026-09-03 18:26:17+00:00,650.0,102.81,98.0,106.05,-30.940002,-23.132711,50.0,113,0.609027957611084,False,REGULAR,USD,435.9100036621094
2028-12-15,660.0,1151,2028-12-15,AMAT281215C00660000,2026-09-01 19:53:34+00:00,660.0,104.37,96.7,106.0,0.0,0.0,2.0,76,0.6134300742340089,False,REGULAR,USD,435.9100036621094
2028-12-15,670.0,1152,2028-12-15,AMAT281215C00670000,2026-09-01 16:35:15+00:00,670.0,104.08,94.0,104.0,0.0,0.0,2.0,15,0.6113091237640382,False,REGULAR,USD,435.9100036621094
2028-12-15,680.0,1153,2028-12-15,AMAT281215C00680000,2026-09-03 14:36:16+00:00,680.0,93.4,94.2,101.3,-39.200005,-29.562597,3.0,48,0.6132011946868898,False,REGULAR,USD,435.9100036621094
2028-12-15,690.0,1154,2028-12-15,AMAT281215C00690000,2026-09-03 14:07:13+00:00,690.0,91.3,91.0,100.0,-17.199997,-15.852532,22.0,34,0.6111412787628175,False,REGULAR,USD,435.9100036621094
2028-12-15,700.0,1155,2028-12-15,AMAT281215C00700000,2026-09-02 16:39:52+00:00,700.0,95.5,90.5,98.0,0.0,0.0,27.0,147,0.6127358062744142,False,REGULAR,USD,435.9100036621094
2028-12-15,710.0,1156,2028-12-15,AMAT281215C00710000,2026-09-03 13:57:35+00:00,710.0,89.45,88.05,94.8,-73.94,-45.25369,2.0,7,0.6081811032867432,False,REGULAR,USD,435.9100036621094
2028-12-15,750.0,1157,2028-12-15,AMAT281215C00750000,2026-09-03 16:43:59+00:00,750.0,85.85,81.15,90.0,-44.15,-33.96154,2.0,6,0.6093483889770509,False,REGULAR,USD,435.9100036621094
2028-12-15,790.0,1158,2028-12-15,AMAT281215C00790000,2026-09-03 13:52:43+00:00,790.0,78.56,75.1,84.0,-2.6600037,-3.27506,1.0,48,0.6077920080566408,False,REGULAR,USD,435.9100036621094
2028-12-15,820.0,1159,2028-12-15,AMAT281215C00820000,2026-09-03 19:56:47+00:00,820.0,75.9,72.55,79.45,-0.66999817,-0.87501395,1565.0,311,0.6091500267028809,False,REGULAR,USD,435.9100036621094
