expiryDate,strike,contractSymbol,lastTradeDate,lastPrice,bid,ask,change,percentChange,volume,openInterest,impliedVolatility,inTheMoney,contractSize,currency,bidIV,askIV,invMid,bsmIV,totalVar
2026-09-04,430.0,AMAT260904P00430000,2026-09-03 19:54:07+00:00,2.89,2.0,3.15,-0.42999983,-12.951803,206.0,488.0,0.43945873046875,False,REGULAR,USD,0.4680627624318522,0.6098131374007645,2.5668586284266723,0.5389379499163083,0.0007957646955068
2026-09-04,432.5,AMAT260904P00432500,2026-09-03 19:30:26+00:00,3.15,2.58,4.4,-1.1500001,-26.744186,91.0,161.0,0.4641166870117187,False,REGULAR,USD,0.4353919279871389,0.6431115764812075,3.484112724025209,0.5392517522341732,0.000796691650103
2026-09-04,435.0,AMAT260904P00435000,2026-09-03 19:46:42+00:00,4.69,3.45,5.6,-0.55999994,-10.666665,332.0,412.0,0.4699760034179688,False,REGULAR,USD,0.4128843561525668,0.6497848526168816,4.524690645312319,0.5313346043847242,0.0007734697584018
2026-09-04,437.5,AMAT260904P00437500,2026-09-03 19:55:36+00:00,6.03,4.8,7.0,-0.3199997,-5.0393653,162.0,240.0,0.4786429089355468,True,REGULAR,USD,0.415482261723532,0.6598552601008438,5.896945561624364,0.537668760912188,0.0007920210861941
2026-09-04,440.0,AMAT260904P00440000,2026-09-03 19:55:51+00:00,7.71,6.1,8.7,-0.03999996,-0.51612854,114.0,441.0,0.4987843090820312,True,REGULAR,USD,0.3809280649128478,0.6858796476735844,7.374162712700297,0.5334038562932162,0.0007795059559136
2026-09-04,445.0,AMAT260904P00445000,2026-09-03 19:59:31+00:00,10.87,10.1,11.35,0.60999966,5.9454155,76.0,256.0,0.4372614868164062,True,REGULAR,USD,0.3963003493284521,0.5894892539999949,10.681976968301512,0.4928948016642235,0.0006656035219386
2026-09-04,450.0,AMAT260904P00450000,2026-09-03 18:49:52+00:00,15.74,13.1,19.15,1.3199997,9.153951,252.0,652.0,0.5285691674804689,True,REGULAR,USD,,1.1275077518039318,,,
2026-09-04,452.5,AMAT260904P00452500,2026-09-03 19:08:19+00:00,16.76,13.75,21.2,-0.069999695,-0.41592214,12.0,84.0,0.8361832788085937,True,REGULAR,USD,,1.1557733949408464,,,
2026-09-04,455.0,AMAT260904P00455000,2026-09-03 19:44:11+00:00,19.5,18.45,23.6,1.0100002,5.4624133,50.0,292.0,0.6208534008789064,True,REGULAR,USD,,1.2247513311171023,,,
2026-09-04,457.5,AMAT260904P00457500,2026-09-03 19:10:06+00:00,22.13,19.75,25.9,1.1999989,5.7333913,12.0,104.0,0.5778850805664062,True,REGULAR,USD,,1.276481040336772,,,
2026-09-04,460.0,AMAT260904P00460000,2026-09-03 19:55:51+00:00,26.02,23.5,28.35,4.42,20.462963,42.0,362.0,0.7050810742187501,True,REGULAR,USD,,1.346076165809962,,,
2026-09-04,462.5,AMAT260904P00462500,2026-09-03 18:22:29+00:00,27.62,24.05,30.8,2.08,8.144088,7.0,33.0,0.5981485498046876,True,REGULAR,USD,,1.4133706780438915,,,
2026-09-04,465.0,AMAT260904P00465000,2026-09-03 19:58:27+00:00,29.55,27.5,31.7,2.1299992,7.7680492,48.0,274.0,0.5678754150390625,True,REGULAR,USD,,1.225361966690339,,,
2026-09-04,467.5,AMAT260904P00467500,2026-09-03 18:51:41+00:00,35.85,29.35,35.8,6.789999,23.365446,157.0,105.0,0.7055693505859376,True,REGULAR,USD,,1.5573327897812768,,,
2026-09-04,470.0,AMAT260904P00470000,2026-09-03 19:44:49+00:00,34.0,33.6,38.3,3.0,9.67742,720.0,450.0,0.8874522973632811,True,REGULAR,USD,,1.6270590274942354,,,
2026-09-04,472.5,AMAT260904P00472500,2026-09-03 18:51:34+00:00,35.14,33.05,40.8,0.40999985,1.1805351,220.0,143.0,0.6210975390625001,True,REGULAR,USD,,1.6954362616926473,,,
2026-09-04,475.0,AMAT260904P00475000,2026-09-03 19:44:31+00:00,39.1,38.35,43.3,2.4399986,6.6557517,342.0,204.0,0.9526371923828124,True,REGULAR,USD,,1.7625596063529114,,,
2026-09-04,477.5,AMAT260904P00477500,2026-09-03 19:54:38+00:00,42.58,38.05,45.8,11.880001,38.69707,90.0,54.0,0.6860382958984376,True,REGULAR,USD,,1.8285115926361015,,,
2026-09-04,480.0,AMAT260904P00480000,2026-09-03 18:51:41+00:00,48.35,42.35,48.4,6.3499985,15.119044,141.0,77.0,0.95507857421875,True,REGULAR,USD,,1.9102255433565123,,,
2026-09-04,482.5,AMAT260904P00482500,2026-09-03 18:51:47+00:00,43.05,43.9,50.8,-2.6399994,-5.7780685,15.0,15.0,0.8789074609374999,True,REGULAR,USD,,1.957182033626349,,,
2026-09-04,495.0,AMAT260904P00495000,2026-09-02 14:04:49+00:00,58.65,55.55,63.3,0.0,0.0,2.0,0.0,0.9003916210937499,True,REGULAR,USD,,2.2625321888432595,,,
2026-09-04,500.0,AMAT260904P00500000,2026-09-03 18:56:16+00:00,59.95,60.55,68.3,-4.299999,-6.692606,3.0,1.0,0.9580082324218748,True,REGULAR,USD,,2.379023764439181,,,
2026-09-04,515.0,AMAT260904P00515000,2026-09-02 13:45:56+00:00,79.0,75.55,83.3,0.0,0.0,1.0,0.0,1.1259809326171877,True,REGULAR,USD,,2.712263679854968,,,
2026-09-04,517.5,AMAT260904P00517500,2026-08-31 14:33:15+00:00,60.8,78.05,85.8,0.0,0.0,1.0,0.0,1.1533245458984376,True,REGULAR,USD,,2.7656751829427906,,,
2026-09-11,400.0,AMAT260911P00400000,2026-09-03 19:57:11+00:00,1.55,1.23,1.56,-0.03000009,-1.8987398,85.0,188.0,0.4469049450683593,False,REGULAR,USD,0.4476090431432932,0.4775623811392594,1.3907038544634744,0.4625857121412763,0.0046900940510082
2026-09-11,420.0,AMAT260911P00420000,2026-09-03 19:59:29+00:00,5.0,4.0,5.5,0.0,0.0,68.0,139.0,0.4397639031982422,False,REGULAR,USD,0.4009584393613674,0.471711571988597,4.739404443083004,0.4363350056749822,0.0041728928696413
2026-09-11,425.0,AMAT260911P00425000,2026-09-03 19:59:21+00:00,6.42,5.75,7.25,0.07999992,1.2618284,143.0,281.0,0.4421442504882812,False,REGULAR,USD,0.4108330913488359,0.4748445940924437,6.495664644558985,0.4428388427206398,0.0042982189725403
2026-09-11,430.0,AMAT260911P00430000,2026-09-03 19:53:59+00:00,8.95,7.2,9.65,-0.35000038,-3.763445,140.0,187.0,0.456609437866211,False,REGULAR,USD,0.3926553578200095,0.4909881490765205,8.42165974992551,0.441821753448265,0.0042784977933172
2026-09-11,435.0,AMAT260911P00435000,2026-09-03 19:54:50+00:00,11.28,9.4,12.25,1.2799997,12.799997,55.0,233.0,0.4657035852050781,False,REGULAR,USD,0.3904484542067193,0.5014807418148365,10.82491247936187,0.4459645980107779,0.0043591106340584
2026-09-11,440.0,AMAT260911P00440000,2026-09-03 19:31:14+00:00,13.5,12.55,15.1,-0.10000038,-0.7352969,30.0,417.0,0.4722342816162109,True,REGULAR,USD,0.4100095659670316,0.5094599062409975,13.82400650164726,0.4597347361040145,0.0046324608784795
2026-09-11,445.0,AMAT260911P00445000,2026-09-03 19:45:54+00:00,17.0,15.2,18.4,1.1300001,7.1203537,18.0,221.0,0.4845632598876953,True,REGULAR,USD,0.3951839814869584,0.5237210603291407,16.790519452284684,0.4594525209080495,0.0046267752102742
2026-09-11,450.0,AMAT260911P00450000,2026-09-03 19:16:26+00:00,20.08,17.95,20.9,1.0799999,5.6842103,112.0,216.0,0.45508357421875,True,REGULAR,USD,0.3668885294000486,0.4941601811067843,19.398930625227536,0.4305243552534165,0.0040624925033724
2026-09-11,455.0,AMAT260911P00455000,2026-09-03 19:47:42+00:00,23.54,21.95,24.9,1.8400002,8.479263,80.0,148.0,0.4739432489013672,True,REGULAR,USD,0.3779508289531608,0.5158035549693296,23.37837573624,0.4468771919612452,0.0043769693083872
2026-09-11,457.5,AMAT260911P00457500,2026-09-03 18:07:39+00:00,25.25,23.75,27.9,5.2700005,26.37638,54.0,60.0,0.5235643347167969,True,REGULAR,USD,0.3676400766528883,0.5686079152687582,25.71661133491216,0.4681239959608232,0.0048030701500126
2026-09-11,460.0,AMAT260911P00460000,2026-09-03 19:42:29+00:00,28.15,25.2,29.55,2.75,10.826772,61.0,179.0,0.5139819110107422,True,REGULAR,USD,0.3278429028763346,0.5596274608682386,27.18076124633467,0.4437351818722865,0.0043156364193146
2026-09-11,465.0,AMAT260911P00465000,2026-09-03 16:23:46+00:00,32.39,28.65,35.6,2.4699993,8.255345,10.0,75.0,0.6136513244628907,True,REGULAR,USD,,0.6655547050757074,,,
2026-09-11,467.5,AMAT260911P00467500,2026-09-03 13:51:31+00:00,37.3,30.65,37.75,3.3999977,10.02949,1.0,12.0,0.6237220245361328,True,REGULAR,USD,,0.6769733860604676,,,
2026-09-11,470.0,AMAT260911P00470000,2026-09-03 19:31:22+00:00,35.77,33.1,38.7,1.75,5.144033,19.0,177.0,0.5744061114501953,True,REGULAR,USD,,0.6268511351441786,,,
2026-09-11,472.5,AMAT260911P00472500,2026-09-03 18:26:04+00:00,38.35,35.25,42.2,1.75,4.781421,1.0,25.0,0.6473423937988281,True,REGULAR,USD,,0.7035258100866175,,,
2026-09-11,475.0,AMAT260911P00475000,2026-09-03 18:50:09+00:00,41.4,38.3,43.2,0.2100029,0.50983953,4.0,72.0,0.5946085461425781,True,REGULAR,USD,,0.6501552085693811,,,
2026-09-11,477.5,AMAT260911P00477500,2026-09-02 19:41:46+00:00,40.73,40.15,45.45,0.0,0.0,1.0,13.0,0.6029702789306643,True,REGULAR,USD,,0.6601350720496794,,,
2026-09-11,480.0,AMAT260911P00480000,2026-09-03 18:50:11+00:00,45.0,42.1,49.1,1.25,2.857143,7.0,207.0,0.6868927795410158,True,REGULAR,USD,,0.7476192258557354,,,
2026-09-11,482.5,AMAT260911P00482500,2026-09-03 18:34:20+00:00,47.8,43.7,51.45,0.75,1.5940489,1.0,14.0,0.7010527941894531,True,REGULAR,USD,,0.7634237480038083,,,
2026-09-11,485.0,AMAT260911P00485000,2026-09-03 16:20:28+00:00,50.48,46.4,53.9,0.6499977,1.3044305,13.0,45.0,0.7200955725097657,True,REGULAR,USD,,0.7841656406285089,,,
2026-09-11,487.5,AMAT260911P00487500,2026-09-03 15:34:02+00:00,52.02,48.45,56.3,1.5699997,3.1119914,1.0,10.0,0.7359645544433593,True,REGULAR,USD,,0.8016274939066584,,,
2026-09-11,490.0,AMAT260911P00490000,2026-09-03 19:57:26+00:00,54.56,52.15,55.35,3.0600014,5.94175,9.0,118.0,0.51758294921875,True,REGULAR,USD,,0.5873000746668705,,,
2026-09-11,492.5,AMAT260911P00492500,2026-09-03 14:09:33+00:00,65.5,54.05,61.05,10.049999,18.124435,2.0,3.0,0.5024463818359376,True,REGULAR,USD,,0.8320514133699405,,,
2026-09-11,495.0,AMAT260911P00495000,2026-09-03 13:38:41+00:00,67.01,56.5,63.5,11.010002,19.660719,1.0,93.0,0.5124560473632812,True,REGULAR,USD,,0.850973920266685,,,
2026-09-11,497.5,AMAT260911P00497500,2026-08-31 19:02:48+00:00,42.69,58.15,65.9,0.0,0.0,2.0,7.0,0.7944356494140624,True,REGULAR,USD,,0.8664562142530811,,,
2026-09-11,500.0,AMAT260911P00500000,2026-09-03 18:36:23+00:00,64.83,61.4,68.4,1.8800011,2.9864988,32.0,365.0,0.5307664111328125,True,REGULAR,USD,,0.8877226333415053,,,
2026-09-11,505.0,AMAT260911P00505000,2026-09-01 19:38:34+00:00,63.41,66.2,73.3,0.0,0.0,6.0,54.0,0.5390671093750001,True,REGULAR,USD,,0.9230904648349036,,,
2026-09-11,510.0,AMAT260911P00510000,2026-09-03 18:07:52+00:00,74.75,71.4,78.3,2.75,3.8194444,1.0,112.0,0.5830119824218749,True,REGULAR,USD,,0.9637396742455754,,,
2026-09-11,515.0,AMAT260911P00515000,2026-09-03 18:07:52+00:00,79.75,75.8,83.3,-0.099998474,-0.1252329,7.0,152.0,0.5590864404296876,True,REGULAR,USD,,1.0034886056068792,,,
2026-09-11,520.0,AMAT260911P00520000,2026-09-03 18:51:34+00:00,88.35,80.55,88.3,9.709999,12.3474045,430.0,86.0,0.5566450585937501,True,REGULAR,USD,,1.042394934969466,,,
2026-09-11,525.0,AMAT260911P00525000,2026-09-03 18:51:41+00:00,85.9,86.4,93.3,-1.2299957,-1.4116788,94.0,25.0,0.667239655761719,True,REGULAR,USD,,1.080509365862119,,,
2026-09-11,530.0,AMAT260911P00530000,2026-08-21 14:57:19+00:00,53.85,90.55,98.3,0.0,0.0,1.0,1.0,0.6064492480468751,True,REGULAR,USD,,1.117876845294095,,,
2026-09-11,535.0,AMAT260911P00535000,2026-09-02 14:39:39+00:00,95.31,96.4,103.3,0.0,0.0,5.0,4.0,0.7209500561523439,True,REGULAR,USD,,1.154537512531302,,,
2026-09-11,540.0,AMAT260911P00540000,2026-09-02 13:30:12+00:00,94.5,101.4,108.3,0.0,0.0,1.0,0.0,0.747072841796875,True,REGULAR,USD,,1.1905274498522729,,,
2026-09-11,545.0,AMAT260911P00545000,2026-09-03 18:51:41+00:00,113.35,106.4,113.3,4.4000015,4.0385513,122.0,25.0,0.7729514892578125,True,REGULAR,USD,,1.2258792841821775,,,
2026-09-11,550.0,AMAT260911P00550000,2026-09-01 19:02:28+00:00,109.37,111.4,118.3,0.0,0.0,5.0,1.0,0.7983418603515625,True,REGULAR,USD,,1.2606226747723437,,,
2026-09-11,555.0,AMAT260911P00555000,2026-08-28 17:59:31+00:00,91.98,115.55,123.3,0.0,0.0,1.0,0.0,0.7236355761718749,True,REGULAR,USD,,1.2947847126144163,,,
2026-09-11,565.0,AMAT260911P00565000,2026-09-01 16:27:01+00:00,118.74,126.4,133.3,0.0,0.0,1.0,0.0,0.8720715917968749,True,REGULAR,USD,,1.3614621597083798,,,
2026-09-11,600.0,AMAT260911P00600000,2026-08-17 17:42:16+00:00,75.57,161.4,168.3,0.0,0.0,3.0,0.0,1.0327196801757816,True,REGULAR,USD,,1.5796276312441633,,,
2026-09-18,400.0,AMAT260918P00400000,2026-09-03 19:58:43+00:00,4.07,3.7,4.45,0.120000124,3.0379777,117.0,2702.0,0.4751639398193359,False,REGULAR,USD,0.4610140924633861,0.4943338922792104,4.069739077522954,0.4776739923712982,0.0093769497118329
2026-09-18,410.0,AMAT260918P00410000,2026-09-03 19:58:43+00:00,6.27,5.9,6.65,0.4699998,8.103444,34.0,1266.0,0.4663139306640625,False,REGULAR,USD,0.4585757244995365,0.4857423604332896,6.27272924391788,0.472159042466413,0.0091616778650465
2026-09-18,420.0,AMAT260918P00420000,2026-09-03 19:58:11+00:00,9.4,8.35,10.15,0.5,5.6179776,87.0,1057.0,0.4738822143554688,False,REGULAR,USD,0.4376982379972083,0.494274748709908,9.245589490605028,0.4659864933535581,0.0089237018625183
2026-09-18,430.0,AMAT260918P00430000,2026-09-03 19:57:00+00:00,13.51,12.7,15.25,0.4800005,3.6838105,103.0,2480.0,0.4993946545410156,False,REGULAR,USD,0.4478517541685732,0.5216635830432464,13.974036289777956,0.4847576686059098,0.0096571231755713
2026-09-18,440.0,AMAT260918P00440000,2026-09-03 19:27:59+00:00,18.64,17.25,20.5,1.2399998,7.1264358,31.0,1086.0,0.5028125891113282,True,REGULAR,USD,0.4339944494164358,0.5263052591264935,18.87460235601654,0.4801498542714646,0.0094744061324757
2026-09-18,445.0,AMAT260918P00445000,2026-09-03 17:31:46+00:00,21.07,20.3,23.4,0.59000015,2.88086,2.0,105.0,0.5031787963867188,True,REGULAR,USD,0.4383712188520216,0.5273943513624596,21.847263022045013,0.4828827851072406,0.009582566472038
2026-09-18,450.0,AMAT260918P00450000,2026-09-03 19:56:47+00:00,24.85,23.6,25.9,1.3400002,5.6997027,90.0,2112.0,0.48633326171875,True,REGULAR,USD,0.4431581065106967,0.5108886929500792,24.74592294685505,0.477023399730388,0.0093514242694659
2026-09-18,455.0,AMAT260918P00455000,2026-09-02 14:55:11+00:00,27.14,26.4,30.35,0.0,0.0,6.0,65.0,0.5197191583251952,True,REGULAR,USD,0.4256442289829162,0.5461290508871613,28.35282358491554,0.4858866399350388,0.0097021572685217
2026-09-18,457.5,AMAT260918P00457500,2026-09-03 19:27:59+00:00,29.75,28.45,31.95,1.8299999,6.5544415,17.0,34.0,0.516606396484375,True,REGULAR,USD,0.4343871025210618,0.5434179082078466,30.17768871288615,0.4889025053644542,0.0098229723185605
2026-09-18,460.0,AMAT260918P00460000,2026-09-03 17:12:23+00:00,31.27,29.65,32.95,0.62000084,2.0228412,35.0,907.0,0.493718441772461,True,REGULAR,USD,0.4135929422105209,0.5204909463496771,31.27047107908089,0.467041944280099,0.0089641716869973
2026-09-18,462.5,AMAT260918P00462500,2026-09-03 13:36:52+00:00,39.31,31.1,36.0,7.330002,22.920582,1.0,121.0,0.5321702056884765,True,REGULAR,USD,0.3978024653925765,0.560438852609672,33.47375596192899,0.4791206590011242,0.0094338331184248
2026-09-18,465.0,AMAT260918P00465000,2026-09-03 17:24:53+00:00,34.75,33.0,38.0,1.3499985,4.0419116,2.0,71.0,0.5377243493652344,True,REGULAR,USD,0.3953839283253721,0.5666842597394577,35.40306394187729,0.4810340940324149,0.009509334231024
2026-09-18,470.0,AMAT260918P00470000,2026-09-03 19:18:23+00:00,38.95,37.65,42.0,1.0900002,2.8790283,19.0,1106.0,0.5458419439697266,True,REGULAR,USD,0.4190554830493805,0.576194521334022,39.730245233328446,0.4976250021917013,0.0101766017591626
2026-09-18,472.5,AMAT260918P00472500,2026-09-03 15:07:06+00:00,42.95,38.8,44.0,3.4300003,8.679151,1.0,51.0,0.5483443603515626,True,REGULAR,USD,0.3782971421149891,0.579444048622116,41.2103608283324,0.4788705953685526,0.009423988237341
2026-09-18,475.0,AMAT260918P00475000,2026-09-03 19:54:38+00:00,43.79,41.4,46.1,2.540001,6.157578,6.0,213.0,0.5532881585693359,True,REGULAR,USD,0.3995312019188308,0.5851899896172297,43.585750680257775,0.4923605957680302,0.0099624228602075
2026-09-18,477.5,AMAT260918P00477500,2026-09-03 19:58:56+00:00,46.0,43.05,47.1,5.200001,12.7451,5.0,118.0,0.5172167419433593,True,REGULAR,USD,0.3721471060323618,0.5495162337619158,44.88925106321403,0.4608316698971388,0.0087273627937062
2026-09-18,480.0,AMAT260918P00480000,2026-09-03 15:19:05+00:00,48.9,44.35,51.65,2.9000015,6.3043513,4.0,1201.0,0.6088295953369143,True,REGULAR,USD,0.3050872275187758,0.6429697505430596,47.3062879873313,0.4740284890309177,0.0092343702087507
2026-09-18,482.5,AMAT260918P00482500,2026-09-03 14:59:48+00:00,52.64,46.8,52.85,17.489998,49.75817,1.0,44.0,0.5796550823974609,True,REGULAR,USD,0.313558471704304,0.6141849409222832,49.23099042373957,0.4638717063132935,0.0088428887637536
2026-09-18,485.0,AMAT260918P00485000,2026-08-28 18:30:00+00:00,35.2,48.75,56.0,0.0,0.0,3.0,76.0,0.6207313317871095,True,REGULAR,USD,0.2507251897789887,0.6565014929688983,51.21233781887457,0.4536133413739435,0.0084560984988671
2026-09-18,487.5,AMAT260918P00487500,2026-09-03 15:20:36+00:00,55.39,51.3,58.2,18.36,49.58142,3.0,15.0,0.6265906481933594,True,REGULAR,USD,0.2727947109028142,0.6631986167830766,53.697035860846256,0.4679966638429453,0.0090008579740326
2026-09-18,490.0,AMAT260918P00490000,2026-09-03 17:31:06+00:00,56.1,53.3,60.45,1.4399986,2.6344652,23.0,536.0,0.6337927246093751,True,REGULAR,USD,,0.6711902222745384,,,
2026-09-18,492.5,AMAT260918P00492500,2026-09-03 16:28:34+00:00,59.34,56.1,61.9,3.0200005,5.362217,5.0,10.0,0.6082802844238282,True,REGULAR,USD,0.2202187334999821,0.6464618923700373,57.64120755561788,0.4333403129350097,0.0077171435677237
2026-09-18,495.0,AMAT260918P00495000,2026-09-03 14:58:20+00:00,65.83,58.1,63.35,5.4800034,9.080371,1.0,25.0,0.5787395642089843,True,REGULAR,USD,,0.6180532742938235,,,
2026-09-18,497.5,AMAT260918P00497500,2026-08-27 15:59:23+00:00,36.59,60.3,67.2,0.0,0.0,,1.0,0.6517368811035158,True,REGULAR,USD,,0.6918404833645238,,,
2026-09-18,500.0,AMAT260918P00500000,2026-09-03 19:50:38+00:00,65.0,63.55,68.35,2.1100006,3.3550653,19.0,1717.0,0.6082802844238282,True,REGULAR,USD,,0.6495126987960848,,,
2026-09-18,502.5,AMAT260918P00502500,2026-09-01 16:03:02+00:00,59.08,65.0,71.7,0.0,0.0,1.0,2.0,0.6608920629882813,True,REGULAR,USD,,0.7028136967352072,,,
2026-09-18,505.0,AMAT260918P00505000,2026-09-03 14:14:49+00:00,78.27,67.2,73.6,10.269997,15.102936,2.0,33.0,0.6486851538085938,True,REGULAR,USD,,0.691698463454412,,,
2026-09-18,507.5,AMAT260918P00507500,2026-08-27 16:40:53+00:00,43.06,69.6,76.4,0.0,0.0,,1.0,0.6767000103759766,True,REGULAR,USD,,0.7205561188680581,,,
2026-09-18,510.0,AMAT260918P00510000,2026-09-03 14:58:03+00:00,80.81,72.0,79.0,7.75,10.60772,4.0,306.0,0.6955596850585939,True,REGULAR,USD,,0.7402562880201838,,,
2026-09-18,512.5,AMAT260918P00512500,2026-09-02 18:39:06+00:00,75.69,74.2,81.4,0.0,0.0,1.0,2.0,0.7050810742187501,True,REGULAR,USD,,0.7507195947047456,,,
2026-09-18,515.0,AMAT260918P00515000,2026-09-01 18:46:43+00:00,76.6,76.85,83.8,0.0,0.0,3.0,25.0,0.50586431640625,True,REGULAR,USD,,0.7609029937073294,,,
2026-09-18,520.0,AMAT260918P00520000,2026-09-03 17:35:00+00:00,85.01,81.95,88.65,2.380005,2.8803158,5.0,786.0,0.5260057165527343,True,REGULAR,USD,,0.7828546568173953,,,
2026-09-18,525.0,AMAT260918P00525000,2026-09-02 19:20:21+00:00,87.48,86.55,93.55,0.0,0.0,9.0,13.0,0.5231981274414061,True,REGULAR,USD,,0.8063540324985734,,,
2026-09-18,530.0,AMAT260918P00530000,2026-09-02 15:22:18+00:00,93.13,91.0,98.45,0.0,0.0,2.0,496.0,0.5043994873046875,True,REGULAR,USD,,0.8290998366012775,,,
2026-09-18,535.0,AMAT260918P00535000,2026-09-01 19:26:55+00:00,93.93,95.6,103.35,0.0,0.0,1.0,7.0,0.7969991003417969,True,REGULAR,USD,,0.8511245587686124,,,
2026-09-18,540.0,AMAT260918P00540000,2026-09-03 14:18:21+00:00,110.72,100.7,108.3,8.580002,8.400237,2.0,1502.0,0.5061084545898438,True,REGULAR,USD,,0.875098954147342,,,
2026-09-18,550.0,AMAT260918P00550000,2026-09-02 19:44:37+00:00,111.75,111.4,118.3,0.0,0.0,5.0,384.0,0.5988809643554689,True,REGULAR,USD,,0.926862051769188,,,
2026-09-18,560.0,AMAT260918P00560000,2026-09-03 18:51:34+00:00,127.4,121.4,128.3,3.290001,2.6508749,746.0,151.0,0.6359899682617188,True,REGULAR,USD,,0.9769369057142546,,,
2026-09-18,570.0,AMAT260918P00570000,2026-09-03 18:49:50+00:00,131.05,131.05,138.3,1.3800049,1.0642438,17.0,5.0,0.6440465283203125,True,REGULAR,USD,,1.0254626162890363,,,
2026-09-18,580.0,AMAT260918P00580000,2026-09-03 18:56:16+00:00,141.05,141.4,148.3,-2.949997,-2.048609,869.0,177.0,0.7072783178710937,True,REGULAR,USD,,1.0725579830589915,,,
2026-09-18,590.0,AMAT260918P00590000,2026-09-01 16:27:48+00:00,146.7,150.55,158.3,0.0,0.0,21.0,0.0,0.6562534375000001,True,REGULAR,USD,,1.1183256269429025,,,
2026-09-18,600.0,AMAT260918P00600000,2026-09-03 18:56:16+00:00,166.65,161.4,168.15,2.899994,1.7709886,173.0,36.0,0.7622094091796876,True,REGULAR,USD,,1.1536811453470464,,,
2026-09-18,610.0,AMAT260918P00610000,2026-09-03 18:51:41+00:00,177.4,171.4,178.3,12.399994,7.5151477,119.0,24.0,0.8073749731445312,True,REGULAR,USD,,1.2062261130959928,,,
2026-09-18,620.0,AMAT260918P00620000,2026-09-03 18:51:34+00:00,181.05,181.4,188.3,1.7400055,0.97038954,159.0,38.0,0.8391129370117187,True,REGULAR,USD,,1.2485085645957836,,,
2026-09-18,630.0,AMAT260918P00630000,2026-09-03 18:51:47+00:00,197.4,191.4,198.15,10.599991,5.674513,510.0,110.0,0.8564467480468749,True,REGULAR,USD,,1.2801085235376422,,,
2026-09-18,640.0,AMAT260918P00640000,2026-09-03 18:51:41+00:00,207.4,201.4,208.3,9.949997,5.039249,139.0,31.0,0.9003916210937499,True,REGULAR,USD,,1.330054327272877,,,
2026-09-18,650.0,AMAT260918P00650000,2026-08-25 18:11:23+00:00,173.15,210.55,218.3,0.0,0.0,1.0,0.0,0.8300798242187499,True,REGULAR,USD,,1.3694260344445717,,,
2026-09-18,670.0,AMAT260918P00670000,2026-08-31 19:51:19+00:00,211.15,231.4,238.2,0.0,0.0,3.0,0.0,0.9775392871093752,True,REGULAR,USD,,1.4388131236611463,,,
2026-09-18,680.0,AMAT260918P00680000,2026-09-03 18:51:47+00:00,241.05,240.55,248.3,3.6500092,1.5374933,54.0,11.0,0.90820404296875,True,REGULAR,USD,,1.4824892542955548,,,
2026-09-18,690.0,AMAT260918P00690000,2026-09-03 19:51:30+00:00,254.76,250.55,258.3,23.580002,10.199845,4.0,0.0,0.9335944140625,True,REGULAR,USD,,1.518624836199614,,,
2026-09-18,700.0,AMAT260918P00700000,2026-09-03 19:53:28+00:00,264.35,260.6,268.3,22.76001,9.420924,3.0,20.0,0.96679720703125,True,REGULAR,USD,,1.5540426532330422,,,
2026-09-18,710.0,AMAT260918P00710000,2026-09-03 19:51:27+00:00,275.23,271.4,278.3,7.680023,2.8705003,3.0,10.0,1.0957076464843751,True,REGULAR,USD,,1.5887738646848455,,,
2026-09-25,380.0,AMAT260925P00380000,2026-09-03 13:49:57+00:00,3.49,2.65,3.5,0.53999996,18.305082,3.0,150.0,0.4979908599853516,False,REGULAR,USD,0.4720213361120899,0.5133847950480928,3.063272277301756,0.4927030655800913,0.0146318872282313
2026-09-25,400.0,AMAT260925P00400000,2026-09-03 19:51:48+00:00,6.5,5.85,6.5,0.40999985,6.7323456,38.0,243.0,0.463872548828125,False,REGULAR,USD,0.4581015994593937,0.4793962738655959,6.172875759751875,0.4687489366624948,0.0132437327224351
2026-09-25,415.0,AMAT260925P00415000,2026-09-03 19:34:14+00:00,10.5,8.65,12.85,-0.52999973,-4.8050747,6.0,35.0,0.5103198382568359,False,REGULAR,USD,0.416853489078663,0.5282808145437304,10.726440740858322,0.4725671518111967,0.0134603662612625
2026-09-25,430.0,AMAT260925P00430000,2026-09-03 19:19:47+00:00,16.45,15.75,17.6,0.15000153,0.9202548,123.0,82.0,0.4712577288818359,False,REGULAR,USD,0.445570512219221,0.4897231992133042,16.67468765224362,0.4676468557162626,0.0131815309494486
2026-09-25,435.0,AMAT260925P00435000,2026-09-03 15:16:24+00:00,19.95,18.15,20.5,2.1000004,11.764708,51.0,87.0,0.4807791180419921,False,REGULAR,USD,0.4448236318925391,0.5001271166762127,19.32508203260645,0.4724753742843759,0.0134551384786672
2026-09-25,440.0,AMAT260925P00440000,2026-09-03 19:49:37+00:00,22.25,20.25,23.35,1.5,7.2289157,19.0,291.0,0.4846853289794922,True,REGULAR,USD,0.4321524850016711,0.5048190905344857,21.799922849124584,0.4684857877680783,0.0132288672150545
2026-09-25,445.0,AMAT260925P00445000,2026-09-03 18:07:58+00:00,24.77,23.45,26.8,0.9700012,4.0756354,14.0,66.0,0.4981434463500976,True,REGULAR,USD,0.4404248985309048,0.5193712497296893,25.12342079820931,0.479898074130297,0.0138812261758556
2026-09-25,450.0,AMAT260925P00450000,2026-09-03 16:22:06+00:00,28.16,26.05,28.5,1.3199997,4.9180317,7.0,199.0,0.4669242761230469,True,REGULAR,USD,0.4296343600178186,0.4883751795762233,27.272289274729506,0.459004769797021,0.0126988447433456
2026-09-25,455.0,AMAT260925P00455000,2026-09-02 17:45:30+00:00,29.62,28.55,33.35,0.0,0.0,7.0,104.0,0.5054981091308592,True,REGULAR,USD,0.4108394364867474,0.5286581588915348,30.930905442734343,0.4697487976891411,0.0133002918478593
2026-09-25,460.0,AMAT260925P00460000,2026-09-03 16:22:06+00:00,35.04,32.05,37.65,2.3100014,7.0577493,22.0,343.0,0.528447098388672,True,REGULAR,USD,0.4115262745529593,0.5530005091781831,34.8099326846455,0.4822633918655712,0.0140183987423043
2026-09-25,465.0,AMAT260925P00465000,2026-09-03 16:19:40+00:00,38.13,35.55,41.4,-0.37999725,-0.9867496,6.0,67.0,0.5352219329833985,True,REGULAR,USD,0.4072434169626117,0.5609528910551059,38.40894838588525,0.4840981540088588,0.0141252671225349
2026-09-25,470.0,AMAT260925P00470000,2026-09-03 15:43:09+00:00,41.48,38.15,45.35,1.2299995,3.0558994,1.0,70.0,0.5440414248657227,True,REGULAR,USD,0.3696080631411339,0.5710614431699929,41.58751350494566,0.4703347531555634,0.0133334935906024
2026-09-25,475.0,AMAT260925P00475000,2026-09-03 18:58:41+00:00,45.5,43.7,48.85,11.849998,35.215446,3.0,109.0,0.5380295220947267,True,REGULAR,USD,0.4176784559413753,0.5663083244956014,46.179063589987095,0.4919933902184884,0.0145897668833178
2026-09-25,480.0,AMAT260925P00480000,2026-09-02 18:45:13+00:00,47.91,47.75,51.85,0.0,0.0,2.0,109.0,0.5136157037353515,True,REGULAR,USD,0.415883530559635,0.5434014631382995,49.71092475526274,0.4796424968489672,0.0138664447814719
2026-09-25,485.0,AMAT260925P00485000,2026-09-01 17:42:27+00:00,50.05,51.7,57.7,0.0,0.0,10.0,198.0,0.5680585186767577,True,REGULAR,USD,0.4050401220600786,0.599394550409025,54.48379731217818,0.5022173362345519,0.0152024371559442
2026-09-25,490.0,AMAT260925P00490000,2026-09-03 14:59:46+00:00,62.15,55.75,62.1,5.630001,9.961078,2.0,129.0,0.5795330133056642,True,REGULAR,USD,0.3906545959500042,0.6124511676795892,58.60708574838122,0.5015528818147967,0.0151622368538301
2026-09-25,495.0,AMAT260925P00495000,2026-09-03 19:51:13+00:00,64.36,59.45,66.5,1.1000023,1.7388592,4.0,139.0,0.5891154370117189,True,REGULAR,USD,0.3435570281562407,0.6236855423377198,62.37699859109409,0.4836212852469802,0.0140974521807306
2026-09-25,500.0,AMAT260925P00500000,2026-09-03 19:51:13+00:00,68.79,63.85,71.0,2.0699997,3.1025174,5.0,55.0,0.6000406207275393,True,REGULAR,USD,0.3159768163463672,0.6363107940606746,66.57501476887239,0.4761438052035209,0.0136648885236743
2026-09-25,505.0,AMAT260925P00505000,2026-09-02 17:18:23+00:00,69.43,68.75,75.4,0.0,0.0,2.0,50.0,0.6058389025878907,True,REGULAR,USD,0.3246728160497008,0.6440269467310671,71.22169884612737,0.4843498813903839,0.0141399610062009
2026-09-25,510.0,AMAT260925P00510000,2026-09-03 14:59:07+00:00,80.4,73.8,80.2,6.3199997,8.531318,2.0,16.0,0.6239051281738281,True,REGULAR,USD,0.3494959382133885,0.6637186412569988,76.20096516923212,0.5066072897351936,0.015469372088445
2026-09-25,515.0,AMAT260925P00515000,2026-09-01 19:23:09+00:00,76.34,77.7,84.8,0.0,0.0,2.0,44.0,0.6336706555175782,True,REGULAR,USD,,0.6754467950637657,,,
2026-09-25,520.0,AMAT260925P00520000,2026-09-03 14:59:07+00:00,89.92,81.75,89.5,5.8399963,6.945761,2.0,7.0,0.6458775646972656,True,REGULAR,USD,,0.6895480697744081,,,
2026-09-25,525.0,AMAT260925P00525000,2026-09-01 18:57:16+00:00,86.85,86.4,94.2,0.0,0.0,2.0,30.0,0.6569858520507813,True,REGULAR,USD,,0.7026031480292912,,,
2026-09-25,530.0,AMAT260925P00530000,2026-09-03 13:34:17+00:00,103.73,91.25,99.0,32.97,46.59412,1.0,25.0,0.671023797607422,True,REGULAR,USD,,0.718541945728976,,,
2026-09-25,535.0,AMAT260925P00535000,2026-09-03 14:15:42+00:00,106.42,96.85,103.85,43.339996,68.7064,1.0,26.0,0.6863434686279297,True,REGULAR,USD,,0.735708424098184,,,
2026-09-25,540.0,AMAT260925P00540000,2026-09-03 14:03:13+00:00,113.0,101.7,108.7,21.050003,22.89288,1.0,21.0,0.5014698291015626,True,REGULAR,USD,,0.7522235925002074,,,
2026-09-25,545.0,AMAT260925P00545000,2026-08-27 14:11:53+00:00,78.89,105.8,113.55,0.0,0.0,1.0,11.0,0.7149076361083984,True,REGULAR,USD,,0.7681080036638154,,,
2026-09-25,550.0,AMAT260925P00550000,2026-09-03 14:12:18+00:00,122.39,111.5,118.5,12.019997,10.890637,3.0,32.0,0.5157519128417969,True,REGULAR,USD,,0.7876764874413351,,,
2026-09-25,555.0,AMAT260925P00555000,2026-09-02 18:36:13+00:00,117.48,116.45,123.4,0.0,0.0,1.0,63.0,0.5236864038085938,True,REGULAR,USD,,0.8046473641303619,,,
2026-09-25,560.0,AMAT260925P00560000,2026-09-02 19:42:44+00:00,121.69,121.0,127.4,0.0,0.0,2.0,12.0,0.7171659143066407,True,REGULAR,USD,,0.7793583617508515,,,
2026-09-25,565.0,AMAT260925P00565000,2026-08-26 18:48:10+00:00,91.68,125.55,133.3,0.0,0.0,3.0,5.0,0.7814963256835938,True,REGULAR,USD,,0.8416927413157045,,,
2026-09-25,570.0,AMAT260925P00570000,2026-08-24 16:24:43+00:00,93.05,129.2,139.0,0.0,0.0,1.0,8.0,0.8333756896972655,True,REGULAR,USD,,0.8930112630686786,,,
2026-09-25,575.0,AMAT260925P00575000,2026-08-31 13:45:38+00:00,115.68,134.25,143.95,0.0,0.0,1.0,1.0,0.8498550170898438,True,REGULAR,USD,,0.9111064515022108,,,
2026-09-25,580.0,AMAT260925P00580000,2026-08-27 14:44:04+00:00,109.93,139.25,149.0,0.0,0.0,1.0,5.0,0.8707288317871094,True,REGULAR,USD,,0.9332839096429888,,,
2026-09-25,585.0,AMAT260925P00585000,2026-08-12 15:43:23+00:00,70.97,146.4,153.3,0.0,0.0,1.0,1.0,0.6044961425781252,True,REGULAR,USD,,0.9209415581348313,,,
2026-09-25,590.0,AMAT260925P00590000,2026-08-17 13:41:01+00:00,80.0,151.4,157.85,0.0,0.0,1.0,0.0,0.5856975024414062,True,REGULAR,USD,,0.9182367469610336,,,
2026-09-25,600.0,AMAT260925P00600000,2026-09-03 18:49:50+00:00,168.2,161.4,167.85,91.2,118.44156,16.0,5.0,0.6123085644531252,True,REGULAR,USD,,0.955310322205598,,,
2026-09-25,605.0,AMAT260925P00605000,2026-08-21 17:11:31+00:00,121.86,165.55,173.3,0.0,0.0,4.0,0.0,0.585941640625,True,REGULAR,USD,,0.9959254681863936,,,
2026-09-25,610.0,AMAT260925P00610000,2026-09-03 18:49:50+00:00,170.85,170.55,178.3,83.100006,94.70087,16.0,5.0,0.5981485498046876,True,REGULAR,USD,,1.0140701153536478,,,
2026-09-25,615.0,AMAT260925P00615000,2026-08-10 15:12:05+00:00,109.7,176.4,183.3,0.0,0.0,,0.0,0.6870148486328126,True,REGULAR,USD,,1.031989084777739,,,
2026-09-25,620.0,AMAT260925P00620000,2026-09-03 18:49:50+00:00,188.2,181.4,187.85,66.14,54.186466,13.0,4.0,0.6640658593750002,True,REGULAR,USD,,1.0266913239006614,,,
2026-09-25,625.0,AMAT260925P00625000,2026-08-28 14:21:07+00:00,152.22,186.4,193.3,0.0,0.0,,0.0,0.7131376342773439,True,REGULAR,USD,,1.0671765547220686,,,
2026-09-25,630.0,AMAT260925P00630000,2026-09-03 18:49:50+00:00,190.85,191.4,198.3,88.25001,86.01366,13.0,4.0,0.7260769580078125,True,REGULAR,USD,,1.0844574861514509,,,
2026-09-25,640.0,AMAT260925P00640000,2026-09-03 18:49:50+00:00,201.05,200.55,208.3,90.4,81.69905,13.0,4.0,0.6694368994140626,True,REGULAR,USD,,1.118422534788981,,,
2026-09-25,665.0,AMAT260925P00665000,2026-08-27 17:18:12+00:00,188.77,225.55,232.35,0.0,0.0,3.0,0.0,1.0502977172851562,True,REGULAR,USD,,1.1471254902527783,,,
2026-10-02,390.0,AMAT261002P00390000,2026-09-03 19:18:23+00:00,6.3,5.8,6.5,-0.029999733,-0.47392944,63.0,260.0,0.4738822143554688,False,REGULAR,USD,0.4657620070222529,0.4873966360363387,6.147193728857573,0.4765793215292958,0.0180457743604668
2026-10-02,410.0,AMAT261002P00410000,2026-09-03 17:27:55+00:00,11.25,10.7,13.75,0.05000019,0.4464303,8.0,77.0,0.5083667327880859,False,REGULAR,USD,0.4524282928983388,0.5240816840006819,12.21339295220008,0.4882549884495103,0.0189408084346003
2026-10-02,420.0,AMAT261002P00420000,2026-09-03 19:51:34+00:00,15.58,14.4,16.0,1.2799997,8.951047,10.0,253.0,0.4721427297973632,False,REGULAR,USD,0.4530732272022983,0.4879559821959462,15.198772277392152,0.4705146046991223,0.0175894131611506
2026-10-02,425.0,AMAT261002P00425000,2026-09-03 19:49:28+00:00,17.61,16.5,18.5,0.59000015,3.4665108,14.0,337.0,0.4788565298461914,False,REGULAR,USD,0.4529680362127758,0.4953431759206447,17.499165886900613,0.4741556060667103,0.0178626921210142
2026-10-02,435.0,AMAT261002P00435000,2026-09-03 19:56:50+00:00,22.2,21.15,24.45,1.0500011,4.9645443,34.0,68.0,0.5004627590942383,False,REGULAR,USD,0.4508665988783832,0.5185841357818856,22.80021817411776,0.4847253673301344,0.0186679500555251
2026-10-02,440.0,AMAT261002P00440000,2026-09-03 19:17:33+00:00,24.88,23.75,26.9,0.37999916,1.5510169,13.0,84.0,0.4956105126953125,True,REGULAR,USD,0.4499493335010328,0.5142858662985736,25.325087364500803,0.4821175998998032,0.0184676274626335
2026-10-02,450.0,AMAT261002P00450000,2026-09-03 14:54:42+00:00,35.55,29.1,32.7,5.8099995,19.535976,2.0,72.0,0.4944813735961915,True,REGULAR,USD,0.4403025402004754,0.5147167470338032,30.896846310314572,0.4775096436171393,0.0181162968018456
2026-10-02,460.0,AMAT261002P00460000,2026-09-03 14:11:28+00:00,42.77,35.6,40.2,6.470001,17.823696,1.0,103.0,0.5164538101196289,True,REGULAR,USD,0.4402749048045375,0.5388081446959647,37.88405869415624,0.4895415247502511,0.0190407567922992
2026-10-02,465.0,AMAT261002P00465000,2026-09-02 15:55:50+00:00,39.5,38.1,43.35,0.0,0.0,4.0,24.0,0.510869149169922,True,REGULAR,USD,0.417884168516034,0.5341994883720934,40.690273309071245,0.4760418284440637,0.0180050927408839
2026-10-02,470.0,AMAT261002P00470000,2026-09-03 18:00:45+00:00,44.0,41.55,46.35,1.2200012,2.8518028,9.0,57.0,0.4987843090820312,True,REGULAR,USD,0.4124375404062437,0.523200484117981,43.90610305647016,0.4678190122621123,0.0173884499144741
2026-10-02,475.0,AMAT261002P00475000,2026-09-03 15:28:52+00:00,47.76,45.5,50.05,0.9299965,1.9858989,45.0,257.0,0.4990894818115234,True,REGULAR,USD,0.41544710596108,0.5248351342913333,47.72186568156201,0.4701411201262067,0.0175615000333485
2026-10-02,480.0,AMAT261002P00480000,2026-09-03 18:00:45+00:00,52.16,49.9,53.85,2.0200005,4.0287204,16.0,128.0,0.499028447265625,True,REGULAR,USD,0.427300578054797,0.526223386793092,51.82444672702894,0.4767619824239445,0.0180596099963273
2026-10-02,485.0,AMAT261002P00485000,2026-09-03 15:57:23+00:00,56.2,52.8,58.25,-0.3899994,-0.6891666,7.0,44.0,0.511174321899414,True,REGULAR,USD,0.393656792573301,0.5398963858759599,55.38789985590137,0.4667765892246304,0.0173110442279375
2026-10-02,490.0,AMAT261002P00490000,2026-09-02 14:29:59+00:00,57.81,57.3,63.95,0.0,0.0,2.0,29.0,0.5546309185791016,True,REGULAR,USD,0.4019035326249151,0.5845602762434863,60.41001080647919,0.4932319044342007,0.0193289140684982
2026-10-02,495.0,AMAT261002P00495000,2026-09-03 19:46:16+00:00,64.52,61.75,67.3,1.1399956,1.7986677,1.0,34.0,0.5373581420898439,True,REGULAR,USD,0.4062509951290064,0.5691624906564728,64.33000570613774,0.4877067428927396,0.0188982962872008
2026-10-02,500.0,AMAT261002P00500000,2026-09-03 19:41:01+00:00,68.94,64.8,72.55,2.9200058,4.422911,2.0,47.0,0.5681195532226562,True,REGULAR,USD,0.347934913158513,0.6011622797332163,68.12436598624612,0.4745485964458646,0.0178923143596533
2026-10-02,505.0,AMAT261002P00505000,2026-09-02 19:46:09+00:00,71.0,69.0,76.95,0.0,0.0,6.0,62.0,0.5751385260009765,True,REGULAR,USD,0.3206775953434644,0.6098330072951414,72.18111389874207,0.4652553013193029,0.0171983900459335
2026-10-02,510.0,AMAT261002P00510000,2026-09-01 19:28:55+00:00,73.52,75.0,81.45,0.0,0.0,5.0,11.0,0.5835002587890624,True,REGULAR,USD,0.3966156821701773,0.6199190576192763,77.80035163125689,0.5082673698947269,0.0205253037251818
2026-10-02,515.0,AMAT261002P00515000,2026-09-01 19:29:42+00:00,77.94,79.55,85.2,0.0,0.0,7.0,38.0,0.5675702423095703,True,REGULAR,USD,0.3913713651340768,0.606631525290899,81.94895635358858,0.4990014452124879,0.0197837556915079
2026-10-02,520.0,AMAT261002P00520000,2026-09-03 13:49:40+00:00,89.16,84.2,90.65,6.6600037,8.072732,2.0,8.0,0.6024820025634767,True,REGULAR,USD,0.3875692077047691,0.6424458727346002,86.83542550927484,0.5150075402196846,0.0210732882959199
2026-10-02,525.0,AMAT261002P00525000,2026-09-03 15:41:44+00:00,91.2,89.35,95.15,0.58999634,0.6511382,1.0,10.0,0.5012256909179689,True,REGULAR,USD,0.4148901329390396,0.6490912843323858,91.761572801637,0.5319907086357127,0.0224860528990879
2026-10-02,530.0,AMAT261002P00530000,2026-09-03 14:15:24+00:00,103.24,93.35,99.85,42.089996,68.830734,1.0,3.0,0.6170082244873047,True,REGULAR,USD,0.3433270820777875,0.6609141418463679,95.62644997735153,0.5021206119620777,0.0200318579719396
2026-10-02,535.0,AMAT261002P00535000,2026-08-19 14:06:31+00:00,62.57,98.45,104.6,0.0,0.0,1.0,12.0,0.5031787963867188,True,REGULAR,USD,0.3719989172617116,0.6735663429574243,100.67553125289658,0.5227826301095679,0.0217143799232439
2026-10-02,540.0,AMAT261002P00540000,2026-08-28 18:18:17+00:00,82.8,103.25,109.15,0.0,0.0,10.0,11.0,0.5028125891113282,True,REGULAR,USD,0.3598563336239276,0.6787261167673772,105.24874516642215,0.5192912251956524,0.0214253093709338
2026-10-02,545.0,AMAT261002P00545000,2026-08-13 19:30:25+00:00,51.21,107.2,114.25,0.0,0.0,,11.0,0.6525303302001955,True,REGULAR,USD,,0.7019361068427188,,,
2026-10-02,550.0,AMAT261002P00550000,2026-09-01 18:20:09+00:00,110.84,112.6,119.0,0.0,0.0,5.0,74.0,0.510869149169922,True,REGULAR,USD,,0.7126454014901513,,,
2026-10-02,555.0,AMAT261002P00555000,2026-08-26 13:34:50+00:00,88.52,117.45,123.85,0.0,0.0,1.0,7.0,0.5161181201171875,True,REGULAR,USD,,0.7263047470339224,,,
2026-10-02,560.0,AMAT261002P00560000,2026-09-03 19:41:01+00:00,125.31,121.75,128.75,6.529999,5.4975576,3.0,5.0,0.5012256909179689,True,REGULAR,USD,,0.7413242788913502,,,
2026-10-02,590.0,AMAT261002P00590000,2026-09-02 14:08:44+00:00,152.45,150.0,158.35,0.0,0.0,1.0,2.0,0.7659935510253908,True,REGULAR,USD,,0.8316773342227534,,,
2026-10-02,620.0,AMAT261002P00620000,2026-08-17 13:38:49+00:00,110.0,181.0,188.3,0.0,0.0,,0.0,0.5854533642578125,True,REGULAR,USD,,0.9267060935154552,,,
2026-10-02,625.0,AMAT261002P00625000,2026-08-28 14:21:07+00:00,152.82,186.4,192.85,0.0,0.0,,0.0,0.5927775097656252,True,REGULAR,USD,,0.9225635347050328,,,
2026-10-02,675.0,AMAT261002P00675000,2026-08-20 13:31:33+00:00,184.47,235.55,243.3,0.0,0.0,,0.0,0.6547886083984377,True,REGULAR,USD,,1.0879598368025338,,,
2026-10-16,350.0,AMAT261016P00350000,2026-09-03 19:25:16+00:00,3.65,3.45,4.05,0.11000013,3.1073484,16.0,372.0,0.5173388110351562,False,REGULAR,USD,0.5190268221292538,0.5430519099991433,3.744903519248851,0.5310393660641985,0.0332222486502033
2026-10-16,370.0,AMAT261016P00370000,2026-09-03 19:59:34+00:00,6.3,5.95,6.6,0.19000006,3.1096573,74.0,7067.0,0.5046436254882812,False,REGULAR,USD,0.5008047652644805,0.5196882932843709,6.272242113874469,0.5102465292744257,0.0306715490065032
2026-10-16,380.0,AMAT261016P00380000,2026-09-03 19:57:07+00:00,8.2,8.0,8.45,0.26999998,3.4047918,48.0,1675.0,0.4960377545166016,False,REGULAR,USD,0.5003982810092344,0.5117310229318888,8.224170572417577,0.5060646519705616,0.0301708536298237
2026-10-16,390.0,AMAT261016P00390000,2026-09-03 19:55:51+00:00,10.81,10.4,11.15,0.19000053,1.7890823,121.0,815.0,0.4975636181640626,False,REGULAR,USD,0.497576333547621,0.5142666994506235,10.773648548984935,0.5059215164991222,0.030153788977647
2026-10-16,400.0,AMAT261016P00400000,2026-09-03 19:25:10+00:00,13.38,12.75,14.2,-0.019999504,-0.14925003,119.0,2436.0,0.4957630990600586,False,REGULAR,USD,0.4841568601183529,0.5134893107118378,13.472101392480084,0.4988230854150953,0.0293135677626041
2026-10-16,410.0,AMAT261016P00410000,2026-09-03 18:50:29+00:00,16.8,15.8,19.5,0.0,0.0,35.0,617.0,0.5255174401855469,False,REGULAR,USD,0.476046760732866,0.5450642909695991,17.641640239752718,0.5105555258512325,0.0307087085863584
2026-10-16,420.0,AMAT261016P00420000,2026-09-03 17:46:31+00:00,20.47,19.25,22.25,0.4699993,2.3499966,38.0,1514.0,0.4988148263549804,False,REGULAR,USD,0.4661343108427927,0.5192275618464635,20.747830171545473,0.492680936344628,0.0285961197715316
2026-10-16,430.0,AMAT261016P00430000,2026-09-03 19:14:23+00:00,25.3,23.3,26.75,0.5999985,2.4291434,97.0,539.0,0.494420339050293,False,REGULAR,USD,0.4574999768975623,0.5163765303880742,25.02474889346138,0.4869382536428182,0.0279333728849612
2026-10-16,440.0,AMAT261016P00440000,2026-09-03 19:55:51+00:00,31.94,29.45,33.8,2.5500011,8.676425,53.0,1179.0,0.5235643347167969,True,REGULAR,USD,0.4747296663608084,0.547739670065736,31.62553766982319,0.5112346682132722,0.0307904605404788
2026-10-16,450.0,AMAT261016P00450000,2026-09-03 19:56:47+00:00,36.85,35.8,38.0,1.3999977,3.9492178,28.0,2005.0,0.4968006863403321,True,REGULAR,USD,0.4858194757829153,0.5227721577592495,36.89964744231932,0.5042958167710824,0.02996031135603
2026-10-16,460.0,AMAT261016P00460000,2026-09-03 19:02:50+00:00,41.74,40.8,44.7,1.1100006,2.731973,10.0,480.0,0.5034229345703125,True,REGULAR,USD,0.4651895067182535,0.5318967800958952,42.7450347492925,0.4985431434070744,0.0292806751535421
2026-10-16,470.0,AMAT261016P00470000,2026-09-03 18:13:41+00:00,49.72,48.3,51.9,1.9000015,3.973236,24.0,418.0,0.5111438046264648,True,REGULAR,USD,0.4789745758239369,0.5424030458115568,50.09127043167291,0.5106888108177469,0.0307247442308523
2026-10-16,480.0,AMAT261016P00480000,2026-09-03 18:58:32+00:00,56.7,55.3,59.3,1.0499992,1.886791,66.0,789.0,0.5154772573852539,True,REGULAR,USD,0.4761975772866743,0.5498693490241303,57.28091555913676,0.5130334631554023,0.0310075160976457
2026-10-16,490.0,AMAT261016P00490000,2026-09-03 19:51:13+00:00,64.5,62.5,69.0,1.6100006,2.5600264,18.0,673.0,0.5568891967773439,True,REGULAR,USD,0.4687748692994217,0.5940962349027182,65.67779578465536,0.53143555210107,0.0332718385742182
2026-10-16,500.0,AMAT261016P00500000,2026-09-03 19:51:13+00:00,72.5,70.45,74.55,2.540001,3.6306474,6.0,858.0,0.5120898400878906,True,REGULAR,USD,0.4684312567155281,0.5544440346561446,72.45111728641331,0.5114376456858364,0.0308149151048242
2026-10-16,510.0,AMAT261016P00510000,2026-08-31 16:34:57+00:00,67.32,77.8,84.95,0.0,0.0,1.0,30.0,0.5603681658935546,True,REGULAR,USD,0.4448047877747018,0.6052765925990456,81.17799097352236,0.5250406901868737,0.0324759239263892
2026-10-16,520.0,AMAT261016P00520000,2026-09-03 16:29:50+00:00,89.61,86.0,93.6,1.9700012,2.2478335,10.0,594.0,0.5683942086791992,True,REGULAR,USD,0.4303771744676312,0.6175660630482028,89.48558432249735,0.523971618757917,0.0323438056502549
2026-10-16,530.0,AMAT261016P00530000,2026-09-02 15:35:35+00:00,97.57,94.75,102.5,0.0,0.0,2.0,4.0,0.5779461151123046,True,REGULAR,USD,0.4216286418800828,0.6316384017994643,98.18638531772716,0.5266335218397735,0.0326732691835359
2026-10-16,540.0,AMAT261016P00540000,2026-09-03 19:11:01+00:00,107.29,105.4,111.55,1.7600021,1.6677742,5.0,591.0,0.5874675042724609,True,REGULAR,USD,0.4759109215296677,0.6459717948847616,108.1970555251816,0.5609413582072147,0.037068969632702
2026-10-16,550.0,AMAT261016P00550000,2026-09-03 14:05:07+00:00,124.48,113.55,120.8,10.280006,9.001757,3.0,35.0,0.5988809643554689,True,REGULAR,USD,0.4305832428121262,0.6623554383834233,116.59933799918878,0.5464693405977747,0.0351809200799308
2026-10-16,560.0,AMAT261016P00560000,2026-09-01 18:08:11+00:00,122.0,123.0,130.15,0.0,0.0,1.0,403.0,0.6102333898925782,True,REGULAR,USD,0.4282182852184023,0.6789210994560398,125.88888756331949,0.5535696923372211,0.0361010805035506
2026-10-16,570.0,AMAT261016P00570000,2026-09-02 13:43:32+00:00,133.7,131.8,139.6,0.0,0.0,1.0,12.0,0.6220130572509766,True,REGULAR,USD,0.3427646620333161,0.6960638471571609,134.26242772397262,0.5194142545952385,0.0317836170375322
2026-10-16,580.0,AMAT261016P00580000,2026-08-31 15:17:23+00:00,127.55,142.2,149.05,0.0,0.0,4.0,192.0,0.6313513427734375,True,REGULAR,USD,0.4198353106364579,0.7113395972072404,144.70031073637762,0.5655874539218492,0.0376855732204202
2026-10-16,590.0,AMAT261016P00590000,2026-09-01 14:24:58+00:00,150.26,151.9,158.9,0.0,0.0,20.0,22.0,0.6523472265625001,True,REGULAR,USD,0.410926549600249,0.7365728632962659,154.2735510077045,0.5737497064482575,0.0387811375422653
2026-10-16,600.0,AMAT261016P00600000,2026-09-03 19:31:34+00:00,164.57,161.9,168.7,0.020004272,0.012156957,4.0,114.0,0.505742247314453,True,REGULAR,USD,0.4361930100134116,0.7593495185311879,164.23080026203172,0.5977712642722998,0.0420964680239924
2026-10-16,610.0,AMAT261016P00610000,2026-08-31 17:10:29+00:00,154.14,171.55,178.5,0.0,0.0,2.0,88.0,0.5039112109375,True,REGULAR,USD,0.3996728982121781,0.7811492634444706,173.5838628210758,0.5904110808283244,0.0410662068703819
2026-10-16,620.0,AMAT261016P00620000,2026-08-19 15:08:37+00:00,136.46,179.35,189.0,0.0,0.0,1.0,82.0,0.7301662725830078,True,REGULAR,USD,,0.8236717948173704,,,
2026-10-16,630.0,AMAT261016P00630000,2026-09-03 14:05:07+00:00,202.89,189.3,199.0,14.360001,7.616825,3.0,73.0,0.7536645727539062,True,REGULAR,USD,,0.8503837210594631,,,
2026-10-16,640.0,AMAT261016P00640000,2026-08-12 16:48:15+00:00,117.3,199.5,209.0,0.0,0.0,2.0,49.0,0.7766135620117188,True,REGULAR,USD,,0.8764845335100704,,,
2026-10-16,660.0,AMAT261016P00660000,2026-09-03 18:51:34+00:00,220.65,220.55,228.3,-1.8200073,-0.8180911,131.0,31.0,0.51758294921875,True,REGULAR,USD,,0.9043012584185512,,,
2026-10-16,680.0,AMAT261016P00680000,2026-09-03 18:51:47+00:00,240.65,241.4,247.85,86.119995,55.730278,65.0,15.0,0.5832561206054687,True,REGULAR,USD,0.5508215002993537,0.9368645499888556,243.43160881410677,0.7438430251441047,0.0651835758366792
2026-10-16,700.0,AMAT261016P00700000,2026-09-03 18:49:50+00:00,267.4,261.4,267.85,9.169983,3.5510912,29.0,9.0,0.6147499462890625,True,REGULAR,USD,0.598763099718282,0.9827195437640542,263.498452316031,0.7907413217411681,0.0736621617262621
2026-10-16,710.0,AMAT261016P00710000,2026-09-03 18:51:47+00:00,270.85,270.55,278.3,65.100006,31.640343,47.0,10.0,0.5937540625000001,True,REGULAR,USD,,1.0208147647500738,,,
2026-10-16,720.0,AMAT261016P00720000,2026-09-03 18:56:16+00:00,286.7,280.55,288.3,59.40001,26.132868,6.0,2.0,0.6081582153320313,True,REGULAR,USD,,1.0428300948394622,,,
2026-10-16,730.0,AMAT261016P00730000,2026-09-03 18:56:16+00:00,296.7,291.4,297.85,94.87001,47.00491,2.0,4.0,0.6599155102539063,True,REGULAR,USD,0.6666154639883209,1.0484272806132953,293.5787613162357,0.8575213723008082,0.0866294379999025
2026-10-16,740.0,AMAT261016P00740000,2026-09-03 18:56:16+00:00,306.7,300.55,308.3,91.30002,42.38627,63.0,17.0,0.6362341064453125,True,REGULAR,USD,,1.0857144846782487,,,
2026-10-16,750.0,AMAT261016P00750000,2026-08-04 14:29:52+00:00,230.15,310.55,318.3,0.0,0.0,2.0,0.0,0.6499058447265625,True,REGULAR,USD,,1.106613567734822,,,
2026-10-16,760.0,AMAT261016P00760000,2026-07-20 15:55:47+00:00,251.6,274.5,279.75,0.0,0.0,5.0,7.0,1.0000000000000004e-05,True,REGULAR,USD,,,,,
2026-10-16,780.0,AMAT261016P00780000,2026-09-03 18:56:16+00:00,340.85,341.4,347.85,153.0,81.44796,46.0,10.0,0.7299831689453125,True,REGULAR,USD,0.7716582804894074,1.1507810708753032,343.68069262268943,0.9612196756823552,0.1088481106616777
2026-10-16,820.0,AMAT261016P00820000,2026-09-03 19:51:28+00:00,384.74,381.4,387.85,151.76999,65.14572,1.0,1.0,0.782228740234375,True,REGULAR,USD,0.8500292384477516,1.2271181966243647,383.74457150820984,1.038573717536058,0.1270721117001005
2026-10-16,840.0,AMAT261016P00840000,2026-07-28 13:30:35+00:00,356.0,400.55,407.95,0.0,0.0,2.0,0.0,0.7065459033203125,True,REGULAR,USD,0.7261920703721353,1.26747429670651,402.5741087013077,0.9968331835393228,0.1170632466290988
2026-10-16,880.0,AMAT261016P00880000,2026-08-10 14:52:13+00:00,351.6,440.55,448.3,0.0,0.0,5.0,0.0,0.8090839404296875,True,REGULAR,USD,0.8251786671485185,1.351026668082491,442.8891746491132,1.0881026676155048,0.1394810927580686
2026-10-16,890.0,AMAT261016P00890000,2026-09-03 19:49:46+00:00,454.81,451.95,458.3,3.0499878,0.67513454,1.0,1.0,0.94335994140625,True,REGULAR,USD,1.0319024246656578,1.3680523779234468,454.4808364782087,1.1999774012945523,0.1696374461248163
2026-10-16,900.0,AMAT261016P00900000,2026-09-03 19:49:46+00:00,464.83,460.55,468.3,3.039978,0.65830314,1.0,0.0,0.831056376953125,True,REGULAR,USD,0.8685733330926889,1.384861820172815,462.9697238504037,1.126717576632752,0.1495566503896076
2026-10-16,1000.0,AMAT261016P01000000,2026-07-08 14:00:04+00:00,437.35,514.0,519.6,0.0,0.0,,0.0,1.0000000000000004e-05,True,REGULAR,USD,,,,,
2026-11-20,330.0,AMAT261120P00330000,2026-09-03 17:19:37+00:00,7.02,6.55,9.0,-0.13000011,-1.8181834,23.0,1088.0,0.5750164569091796,False,REGULAR,USD,0.5578681321865537,0.6195131793361454,7.740222953255426,0.5886906557613496,0.0740586895290322
2026-11-20,350.0,AMAT261120P00350000,2026-09-03 18:42:07+00:00,10.5,10.15,10.8,-0.10000038,-0.9433998,111.0,382.0,0.5438278039550781,False,REGULAR,USD,0.5524801560710486,0.5659079693692898,10.47353149508298,0.5591940627201692,0.0668231341998797
2026-11-20,360.0,AMAT261120P00360000,2026-09-03 19:33:22+00:00,12.83,12.25,13.6,0.22999954,1.8253931,8.0,520.0,0.5434921139526369,False,REGULAR,USD,0.5470827686278368,0.5722138811336094,12.92066197037164,0.5596483248807231,0.0669317460500283
2026-11-20,380.0,AMAT261120P00380000,2026-09-03 17:31:05+00:00,17.89,17.6,19.5,0.23999977,1.3597721,51.0,475.0,0.5373886593627931,False,REGULAR,USD,0.5402709309331546,0.5703126477984911,18.546138286981787,0.5552917893658229,0.0658937527788865
2026-11-20,390.0,AMAT261120P00390000,2026-09-03 17:56:49+00:00,21.3,18.75,24.45,0.099998474,0.4716909,30.0,372.0,0.5300950311279298,False,REGULAR,USD,0.5063047160719929,0.5910198527378425,21.577617472879027,0.5486622844049177,0.0643297632373068
2026-11-20,400.0,AMAT261120P00400000,2026-09-03 19:08:17+00:00,25.03,23.85,26.3,0.65999985,2.7082472,48.0,1797.0,0.5240526110839843,False,REGULAR,USD,0.5267342072529204,0.5612380405661698,25.07263723879754,0.5439861239095451,0.0632378916013101
2026-11-20,410.0,AMAT261120P00410000,2026-09-03 19:18:19+00:00,29.34,27.7,32.45,0.7399998,2.5874116,34.0,735.0,0.5335129656982422,False,REGULAR,USD,0.5228868046037486,0.5868400404953931,30.071230812288977,0.5548634225495708,0.0657921276145398
2026-11-20,420.0,AMAT261120P00420000,2026-09-03 18:47:42+00:00,34.15,32.95,35.45,1.1000023,3.3282974,53.0,533.0,0.5260820097351073,False,REGULAR,USD,0.5324615347229007,0.5650389767452637,34.19973047024479,0.5487502557340822,0.0643503938825238
2026-11-20,430.0,AMAT261120P00430000,2026-09-03 17:47:13+00:00,38.52,35.6,42.05,0.670002,1.7701507,25.0,412.0,0.5204515728759764,False,REGULAR,USD,0.5035524312985119,0.5856298190089876,38.82608595278876,0.5445911251537497,0.0633786315082348
2026-11-20,440.0,AMAT261120P00440000,2026-09-03 15:47:45+00:00,43.65,42.1,46.45,0.6000023,1.3937336,20.0,760.0,0.5204820901489257,True,REGULAR,USD,0.5190684091168826,0.5736058598436332,44.27586170261543,0.5463371344802579,0.0637856784436815
2026-11-20,450.0,AMAT261120P00450000,2026-09-03 16:23:52+00:00,49.15,46.5,53.25,0.9900017,2.0556514,16.0,545.0,0.5178118287658693,True,REGULAR,USD,0.5034843569828482,0.5875630687749358,49.87582287711527,0.545523712878892,0.0635958834587052
2026-11-20,460.0,AMAT261120P00460000,2026-09-03 15:28:56+00:00,54.97,53.3,58.25,0.7200012,1.3271912,12.0,283.0,0.5144396701049804,True,REGULAR,USD,0.5133189756217651,0.5750614754658058,55.773696188639605,0.5441902255437854,0.0632853537617448
2026-11-20,470.0,AMAT261120P00470000,2026-09-02 18:23:23+00:00,59.61,59.5,65.95,0.0,0.0,3.0,452.0,0.5199175205993651,True,REGULAR,USD,0.5113611789172847,0.592466137463862,62.7184453031891,0.5519136581905734,0.0650944589468205
2026-11-20,480.0,AMAT261120P00480000,2026-09-03 13:31:02+00:00,69.98,66.8,71.25,2.0800018,3.0633311,1.0,1320.0,0.5131274273681641,True,REGULAR,USD,0.5192761473522159,0.5761167001129862,69.01875122806365,0.5476964237326011,0.0641034713984096
2026-11-20,490.0,AMAT261120P00490000,2026-09-03 17:49:33+00:00,76.12,73.1,78.05,2.2000046,2.9761968,2.0,434.0,0.5052539709472657,True,REGULAR,USD,0.5103337883964583,0.575060122086738,75.56198860861014,0.5426969552415981,0.0629385173912961
2026-11-20,500.0,AMAT261120P00500000,2026-09-03 18:44:13+00:00,82.07,78.95,85.65,1.1200027,1.3835735,12.0,644.0,0.5410812493896486,True,REGULAR,USD,0.4906123877447879,0.5810901887946106,82.26298717042448,0.5358512882696993,0.0613606987532688
2026-11-20,520.0,AMAT261120P00520000,2026-09-03 18:52:38+00:00,98.15,96.0,100.9,1.3800049,1.4260669,20.0,571.0,0.5016224154663086,True,REGULAR,USD,0.5142592614652238,0.5848578687522987,98.41624870854258,0.5495585651087613,0.0645401098240637
2026-11-20,540.0,AMAT261120P00540000,2026-09-03 19:11:01+00:00,114.4,110.85,117.65,1.8800049,1.6708184,18.0,549.0,0.5445907357788086,True,REGULAR,USD,0.4909586853713704,0.5990591958810497,114.13805776872272,0.5450089406262101,0.0634759181870556
2026-11-20,560.0,AMAT261120P00560000,2026-09-02 19:42:44+00:00,129.52,129.3,136.0,0.0,0.0,7.0,146.0,0.5068713864135742,True,REGULAR,USD,0.5155715850658633,0.6296034372945177,132.51098673151915,0.5725875111801906,0.0700624759475149
2026-11-20,580.0,AMAT261120P00580000,2026-09-01 15:41:57+00:00,141.68,147.65,153.1,0.0,0.0,12.0,86.0,0.5029346582031251,True,REGULAR,USD,0.531334579824007,0.6333033758087696,150.24895671062308,0.5823189778163883,0.0724642207401633
2026-11-20,600.0,AMAT261120P00600000,2026-08-21 18:31:14+00:00,129.1,165.25,172.05,0.0,0.0,6.0,62.0,0.5804485314941408,True,REGULAR,USD,0.5215591758012723,0.6624902209190872,168.38833160745045,0.5920246983601798,0.0748999260014795
2026-11-20,610.0,AMAT261120P00610000,2026-08-26 13:33:34+00:00,148.95,175.35,180.85,0.0,0.0,16.0,78.0,0.5017139672851563,True,REGULAR,USD,0.5451430013723634,0.662923749528212,177.91584254860163,0.6040333754502877,0.0779692954940102
2026-11-20,620.0,AMAT261120P00620000,2026-09-03 14:09:38+00:00,194.53,183.95,190.75,28.490005,17.15852,3.0,40.0,0.589695265197754,True,REGULAR,USD,0.528271373126168,0.6830163701730663,187.0220256444364,0.6056438716496171,0.078385619021385
2026-11-20,630.0,AMAT261120P00630000,2026-08-28 15:42:36+00:00,166.91,192.55,200.3,0.0,0.0,1.0,70.0,0.5968973416137696,True,REGULAR,USD,0.5039508645097315,0.6956669758000956,195.90144038532907,0.5998089201549135,0.076882514450404
2026-11-20,640.0,AMAT261120P00640000,2026-08-25 13:52:27+00:00,165.07,202.15,209.95,0.0,0.0,10.0,50.0,0.6055337298583985,True,REGULAR,USD,0.5086181572852999,0.7095449553503285,205.4759469968135,0.6090815563178142,0.0792779909458339
2026-11-20,660.0,AMAT261120P00660000,2026-09-02 14:53:50+00:00,223.67,221.45,229.15,0.0,0.0,4.0,23.0,0.6170692590332032,True,REGULAR,USD,0.517519873447589,0.7331855936772874,224.6438863441515,0.6253527335624383,0.0835702773347207
2026-11-20,680.0,AMAT261120P00680000,2026-09-03 18:52:38+00:00,245.42,241.75,248.7,6.3099976,2.6389518,7.0,19.0,0.6350744500732424,True,REGULAR,USD,0.5662299429320434,0.7618667066923058,244.709643518624,0.6640483248121747,0.0942325859164293
2026-11-20,700.0,AMAT261120P00700000,2026-08-18 14:36:23+00:00,203.85,260.75,268.35,0.0,0.0,2.0,34.0,0.6536289520263674,True,REGULAR,USD,0.5557073729334838,0.7909090664124534,263.81265374719817,0.6733082196729686,0.0968789829506198
2026-11-20,710.0,AMAT261120P00710000,2026-08-17 13:48:58+00:00,198.35,270.2,278.3,0.0,0.0,2.0,30.0,0.666263103027344,True,REGULAR,USD,0.5421952541010786,0.8076754586840097,273.3177114241706,0.6749353563925442,0.0973477900111808
2026-11-20,720.0,AMAT261120P00720000,2026-08-31 19:20:14+00:00,263.55,281.4,287.1,0.0,0.0,1.0,69.0,0.6355016918945313,True,REGULAR,USD,0.6206106384097994,0.7969191485095886,283.8508556727802,0.708764893459694,0.1073510098292401
2026-11-20,730.0,AMAT261120P00730000,2026-08-12 13:54:26+00:00,203.75,289.4,298.95,0.0,0.0,1.0,49.0,0.7157621197509765,True,REGULAR,USD,0.518703473237355,0.8573396442867273,292.70895987532924,0.6880215587620411,0.1011593038220964
2026-11-20,740.0,AMAT261120P00740000,2026-08-12 13:54:26+00:00,212.2,301.95,308.3,0.0,0.0,1.0,5.0,0.5524947094726562,True,REGULAR,USD,0.6763772058264833,0.8595709476107235,304.7211561997607,0.7679740767186034,0.1260360718792321
2026-11-20,750.0,AMAT261120P00750000,2026-08-12 13:54:27+00:00,220.85,310.55,318.3,0.0,0.0,1.0,1.0,0.720827987060547,True,REGULAR,USD,0.6300606222772819,0.8763083264203543,313.68683866646813,0.7531844743488181,0.1212284232526252
2026-11-20,760.0,AMAT261120P00760000,2026-08-12 13:54:26+00:00,229.35,321.95,328.3,0.0,0.0,1.0,3.0,0.575077491455078,True,REGULAR,USD,0.7086165901257928,0.8927828932802775,324.7297866496915,0.8006997417030352,0.1370064820721588
2026-11-20,780.0,AMAT261120P00780000,2026-09-03 18:51:34+00:00,340.6,341.4,348.3,143.95001,73.201126,87.0,252.0,0.571415418701172,True,REGULAR,USD,0.7177264312935221,0.9249816633106605,344.35933098492313,0.8213540473020913,0.1441658979165014
2026-11-20,800.0,AMAT261120P00800000,2026-08-10 13:50:47+00:00,272.55,361.4,368.2,0.0,0.0,2.0,0.0,0.5864299169921875,True,REGULAR,USD,0.748510141134307,0.9538583845267928,364.3313142041779,0.8511842628305499,0.1548277880675347
2026-11-20,820.0,AMAT261120P00820000,2026-08-03 19:40:44+00:00,318.0,381.4,388.3,0.0,0.0,2.0,1.0,0.611576149902344,True,REGULAR,USD,0.7785678225320436,0.9866145556539808,384.38207588130047,0.8825911890930122,0.1664642250713428
2026-11-20,840.0,AMAT261120P00840000,2026-08-04 13:53:49+00:00,312.75,402.3,407.85,0.0,0.0,,0.0,0.6533237792968751,True,REGULAR,USD,0.8429429404339336,1.005252560523118,404.7995183935077,0.9240977504785256,0.1824893668226816
2026-11-20,860.0,AMAT261120P00860000,2026-08-24 13:40:11+00:00,384.2,420.55,428.3,0.0,0.0,1.0,1.0,0.5888712988281251,True,REGULAR,USD,0.7992516404992317,1.0449483897551193,423.7960314229094,0.9221000151271754,0.1817012004274189
2026-11-20,890.0,AMAT261120P00890000,2026-06-30 19:34:53+00:00,243.2,404.45,409.7,0.0,0.0,,1.0,1.0000000000000004e-05,True,REGULAR,USD,,,,,
2026-11-20,900.0,AMAT261120P00900000,2026-07-22 15:10:22+00:00,364.48,414.0,419.65,0.0,0.0,2.0,1.0,1.0000000000000004e-05,True,REGULAR,USD,,,,,
2026-11-20,910.0,AMAT261120P00910000,2026-06-26 19:50:03+00:00,311.6,421.55,429.95,0.0,0.0,1.0,0.0,1.0000000000000004e-05,True,REGULAR,USD,,,,,
2026-12-18,280.0,AMAT261218P00280000,2026-09-03 19:44:54+00:00,3.7,3.35,3.8,0.10000014,2.7777817,26.0,552.0,0.5678143804931641,False,REGULAR,USD,0.5722806635753154,0.5896294269786211,3.571530786033964,0.5809550452769683,0.0980162439755424
2026-12-18,290.0,AMAT261218P00290000,2026-09-02 16:18:09+00:00,4.55,4.25,5.0,0.0,0.0,11.0,130.0,0.5663495513916017,False,REGULAR,USD,0.5677448946704503,0.5921360325772071,4.618059654646977,0.5799404636238288,0.0976741911860588
2026-12-18,320.0,AMAT261218P00320000,2026-09-03 17:38:26+00:00,8.21,7.7,9.2,1.21,17.285715,5.0,329.0,0.5477950494384767,False,REGULAR,USD,0.5465298441069448,0.5795844244263657,8.43807739454514,0.5630571342666553,0.0920699552426008
2026-12-18,330.0,AMAT261218P00330000,2026-09-03 16:14:25+00:00,9.95,9.15,10.75,0.19999981,2.05128,3.0,301.0,0.5381515911865236,False,REGULAR,USD,0.5381050415299079,0.5699305748542087,9.939539454635351,0.5540178081920584,0.0891375001922104
2026-12-18,340.0,AMAT261218P00340000,2026-09-03 19:51:32+00:00,11.81,11.0,12.7,0.8100004,7.3636403,6.0,588.0,0.5321396884155273,False,REGULAR,USD,0.5334499928454617,0.5640617658158352,11.841202874769948,0.5487558793306484,0.0874523276728631
2026-12-18,350.0,AMAT261218P00350000,2026-09-03 19:29:30+00:00,13.75,13.2,14.6,0.22999954,1.70118,58.0,849.0,0.5245408874511719,False,REGULAR,USD,0.5304468129868338,0.5535291215223703,13.895558349943911,0.5419879672546021,0.0853084969993704
2026-12-18,360.0,AMAT261218P00360000,2026-09-03 18:48:40+00:00,16.36,15.6,17.75,0.4100008,2.570538,31.0,732.0,0.5240831283569335,False,REGULAR,USD,0.5261587741248619,0.5587019344557455,16.667695671110366,0.5424303542903037,0.0854478166057081
2026-12-18,370.0,AMAT261218P00370000,2026-09-03 19:28:23+00:00,19.15,18.5,20.35,0.32999992,1.7534534,8.0,611.0,0.518681571044922,False,REGULAR,USD,0.5249543047846861,0.5510328366657266,19.42120176115145,0.5379935707252064,0.0840557005671663
2026-12-18,380.0,AMAT261218P00380000,2026-09-03 17:55:13+00:00,22.25,21.25,24.2,0.5100002,2.3459072,5.0,1011.0,0.5165758792114258,False,REGULAR,USD,0.5174250777204004,0.5564423134629991,22.718618840862916,0.5369336955916997,0.0837248386491686
2026-12-18,390.0,AMAT261218P00390000,2026-09-03 15:29:11+00:00,25.28,24.45,27.3,0.15000153,0.59690225,5.0,660.0,0.5085498364257812,False,REGULAR,USD,0.5120882185387718,0.5478501696698173,25.871155570290497,0.5299691941042945,0.0815669554798708
2026-12-18,400.0,AMAT261218P00400000,2026-09-03 19:35:18+00:00,30.0,28.9,30.8,0.8999996,3.0927823,362.0,1065.0,0.5067493173217773,False,REGULAR,USD,0.5181007197736385,0.5408623724753068,29.84905416168968,0.5294815461244726,0.0814169178486421
2026-12-18,410.0,AMAT261218P00410000,2026-09-03 14:30:33+00:00,36.89,32.65,35.5,3.9199982,11.88959,5.0,644.0,0.5038654350280762,False,REGULAR,USD,0.5115300157579089,0.5444139472508778,34.074058138329605,0.5279719815043933,0.0809533364517523
2026-12-18,420.0,AMAT261218P00420000,2026-09-03 14:46:46+00:00,41.64,37.1,40.2,3.3400002,8.720627,9.0,585.0,0.5011188804626465,False,REGULAR,USD,0.5093633662922589,0.5440867379963971,38.64981035016467,0.526725052144328,0.0805714075040634
2026-12-18,430.0,AMAT261218P00430000,2026-09-03 19:42:20+00:00,44.2,41.95,45.8,1.8600006,4.3930106,13.0,475.0,0.5017444845581055,False,REGULAR,USD,0.5079467587671538,0.5501311079739694,43.87551711916868,0.5290389333705616,0.0812808560556639
2026-12-18,440.0,AMAT261218P00440000,2026-09-03 15:09:47+00:00,49.2,47.1,51.9,0.6500015,1.3388292,1.0,518.0,0.502980434112549,True,REGULAR,USD,0.506209655584852,0.5580307351191451,49.501200969855034,0.5321201953519985,0.0822304154628865
2026-12-18,450.0,AMAT261218P00450000,2026-09-03 18:32:04+00:00,54.63,52.85,57.2,0.8500023,1.5805175,51.0,648.0,0.5227556269836426,True,REGULAR,USD,0.5074480242062299,0.5540199499203418,55.02569588343394,0.5307339870632859,0.0818025421713801
2026-12-18,460.0,AMAT261218P00460000,2026-09-03 14:08:27+00:00,65.65,58.95,63.2,6.050003,10.151012,1.0,174.0,0.5211534701538084,True,REGULAR,USD,0.5090693876609207,0.5544731637635721,61.07486637252188,0.5317712757122464,0.0821226112473939
2026-12-18,470.0,AMAT261218P00470000,2026-09-03 18:58:31+00:00,66.03,64.95,70.75,-0.66999817,-1.004495,3.0,316.0,0.5019581054687501,True,REGULAR,USD,0.5064110962918558,0.5685781620146974,67.84747309021543,0.5374946291532765,0.0838998643700644
2026-12-18,480.0,AMAT261218P00480000,2026-09-03 15:05:23+00:00,75.66,71.65,76.15,3.850006,5.361379,12.0,242.0,0.5188646746826171,True,REGULAR,USD,0.5081985963918119,0.5568757001639745,73.89638676153231,0.5325371482778931,0.0823593323708788
2026-12-18,490.0,AMAT261218P00490000,2026-09-03 15:05:23+00:00,82.55,78.6,83.25,5.600006,7.277461,13.0,577.0,0.5201464001464844,True,REGULAR,USD,0.5098040644812774,0.5607802640779316,80.91851225489864,0.5352921642796045,0.0832136885499977
2026-12-18,500.0,AMAT261218P00500000,2026-09-03 18:44:13+00:00,88.0,85.15,91.55,2.0,2.3255813,5.0,1021.0,0.5321702056884765,True,REGULAR,USD,0.5040848276425566,0.5754600647659043,88.33190895673113,0.5397724462042304,0.0846124798088155
2026-12-18,520.0,AMAT261218P00520000,2026-09-03 18:52:38+00:00,102.82,100.15,105.35,1.7699966,1.7516048,9.0,331.0,0.5168657933044434,True,REGULAR,USD,0.5059154505618181,0.566910053214408,102.7269591910482,0.536412751888113,0.0835624544688956
2026-12-18,540.0,AMAT261218P00540000,2026-09-03 14:11:33+00:00,124.45,115.9,121.1,7.899994,6.7782016,3.0,494.0,0.513951393737793,True,REGULAR,USD,0.5068108522911459,0.5717446591000845,118.46288651521934,0.5392777556956152,0.0844574596316125
2026-12-18,560.0,AMAT261218P00560000,2026-09-03 14:11:33+00:00,141.45,132.35,138.05,10.479996,8.001829,2.0,186.0,0.5175219146728516,True,REGULAR,USD,0.5075202116322206,0.5838856733108514,135.13516369821303,0.5457029424715361,0.0864819735636762
2026-12-18,580.0,AMAT261218P00580000,2026-09-03 14:16:18+00:00,158.3,149.85,156.6,5.100006,3.3289857,2.0,174.0,0.5371750384521485,True,REGULAR,USD,0.5151059989166176,0.611318091049551,153.10876800077887,0.5632120449830843,0.0921206235810601
2026-12-18,600.0,AMAT261218P00600000,2026-09-03 19:31:34+00:00,170.3,168.0,173.95,2.3200073,1.3811212,9.0,150.0,0.5322922747802734,True,REGULAR,USD,0.5265561745730142,0.6179483692266308,170.85761251096744,0.5722522718998224,0.0951016499879941
2026-12-18,610.0,AMAT261218P00610000,2026-08-26 19:45:29+00:00,149.88,175.75,183.55,0.0,0.0,5.0,254.0,0.5429122857666018,True,REGULAR,USD,0.5062220469615719,0.6327535242900195,179.4086358988684,0.5694877856257957,0.0941850187001617
2026-12-18,620.0,AMAT261218P00620000,2026-09-03 14:11:25+00:00,195.5,186.4,192.75,12.350006,6.74311,2.0,93.0,0.5454452194213868,True,REGULAR,USD,0.5370935876293443,0.6409490921739551,189.41494896891692,0.5890213399016497,0.1007569608742758
2026-12-18,630.0,AMAT261218P00630000,2026-09-03 14:11:28+00:00,204.95,195.45,202.05,12.349991,6.412248,1.0,151.0,0.5484969467163087,True,REGULAR,USD,0.5376183776548165,0.6497821607836367,198.55746243599592,0.5937002692192266,0.1023640576030797
2026-12-18,640.0,AMAT261218P00640000,2026-09-03 14:11:28+00:00,214.4,203.5,211.3,12.849991,6.375584,2.0,92.0,0.5492293612670901,True,REGULAR,USD,0.5150922101546594,0.6570309563803751,207.07216425957392,0.5860615832675173,0.0997469233273838
2026-12-18,660.0,AMAT261218P00660000,2026-09-03 14:11:34+00:00,233.75,222.45,230.25,11.449997,5.1506963,2.0,59.0,0.5562788513183594,True,REGULAR,USD,0.524803615890075,0.6765006297722275,225.96866196674847,0.6006521228311512,0.1047753290469212
2026-12-18,680.0,AMAT261218P00680000,2026-09-03 18:52:38+00:00,246.33,242.5,248.85,6.580002,2.7445264,10.0,56.0,0.549778672180176,True,REGULAR,USD,0.5589928523481842,0.6874584324772677,245.40443466946147,0.6232256424127259,0.1127985790253151
2026-12-18,700.0,AMAT261218P00700000,2026-08-31 18:55:13+00:00,245.23,261.15,268.95,0.0,0.0,2.0,85.0,0.5782512878417969,True,REGULAR,USD,0.5551914635727665,0.7224242867691901,264.5922103113427,0.6388078751709783,0.1185095976611747
2026-12-18,710.0,AMAT261218P00710000,2026-09-03 14:07:58+00:00,283.15,272.0,278.7,14.799988,5.5151806,2.0,31.0,0.5839885351562499,True,REGULAR,USD,0.5938560046371303,0.7341698905195306,275.0389383010842,0.6640129475783305,0.1280460236232226
2026-12-18,720.0,AMAT261218P00720000,2026-08-18 15:25:33+00:00,230.65,280.8,288.55,0.0,0.0,12.0,19.0,0.5919535433959963,True,REGULAR,USD,0.5759682807187448,0.7473582787953414,284.2035914847625,0.6616632797570432,0.12714142288372
2026-12-18,730.0,AMAT261218P00730000,2026-09-02 14:33:12+00:00,289.9,291.45,298.4,0.0,0.0,1.0,50.0,0.5994913098144532,True,REGULAR,USD,0.6096694817959111,0.7602448850123108,294.5719907732688,0.6849571834041109,0.1362510475843031
2026-12-18,740.0,AMAT261218P00740000,2026-09-03 14:11:19+00:00,311.9,300.75,308.3,14.399994,4.840334,2.0,13.0,0.6081582153320313,True,REGULAR,USD,0.6046259775852312,0.7737573791940531,304.0788395998697,0.6891916783896421,0.1379408985575955
2026-12-18,750.0,AMAT261218P00750000,2026-08-05 13:33:14+00:00,246.25,309.35,319.0,0.0,0.0,10.0,27.0,0.6399572137451173,True,REGULAR,USD,0.5735681018801391,0.8015418191528372,313.3591082020085,0.6875549605164881,0.1372865022341587
2026-12-18,760.0,AMAT261218P00760000,2026-09-02 14:33:12+00:00,319.6,320.55,328.3,0.0,0.0,1.0,59.0,0.6307409973144531,True,REGULAR,USD,0.6280077419845239,0.8037035130572279,323.9563594579105,0.7158556275208758,0.1488208866357548
2026-12-18,780.0,AMAT261218P00780000,2026-09-01 15:38:28+00:00,333.25,340.55,348.3,0.0,0.0,1.0,32.0,0.652469295654297,True,REGULAR,USD,0.6566792687073529,0.8327544923677855,343.96798360767656,0.7447168805375692,0.1610628564622095
2026-12-18,800.0,AMAT261218P00800000,2026-08-19 13:53:07+00:00,308.6,360.55,368.3,0.0,0.0,2.0,0.0,0.6734651794433595,True,REGULAR,USD,0.6846576406598204,0.8609725301831794,363.97914255525825,0.7728150854214999,0.1734459577069431
2026-12-18,820.0,AMAT261218P00820000,2026-07-02 15:34:11+00:00,274.55,335.35,341.2,0.0,0.0,2.0,1.0,1.0000000000000004e-05,True,REGULAR,USD,,,,,
2026-12-18,840.0,AMAT261218P00840000,2026-07-08 16:18:06+00:00,313.35,355.0,360.7,0.0,0.0,2.0,15.0,1.0000000000000004e-05,True,REGULAR,USD,,,,,
2026-12-18,860.0,AMAT261218P00860000,2026-09-03 18:51:41+00:00,420.85,420.55,428.3,189.65001,82.02855,30.0,20.0,0.506840869140625,True,REGULAR,USD,0.7647786969610105,0.9411541285623012,424.0099836075012,0.8529664127616559,0.2112889872267004
2026-12-18,880.0,AMAT261218P00880000,2026-09-03 18:51:47+00:00,446.61,440.55,448.25,61.609985,16.002594,15.0,10.0,0.5170946728515625,True,REGULAR,USD,0.7903163257221275,0.9655928815212138,443.998564503975,0.8779546036216707,0.2238500118306065
2026-12-18,900.0,AMAT261218P00900000,2026-07-01 13:45:20+00:00,294.15,414.05,419.9,0.0,0.0,,7.0,1.0000000000000004e-05,True,REGULAR,USD,,,,,
2026-12-18,970.0,AMAT261218P00970000,2026-08-14 13:30:06+00:00,465.85,531.85,538.3,0.0,0.0,1.0,0.0,0.6607699938964844,True,REGULAR,USD,0.9335856025938396,1.0737217762158502,534.8429493784652,1.003653689404845,0.2925369786167984
2026-12-18,980.0,AMAT261218P00980000,2026-07-20 15:09:29+00:00,463.67,494.0,499.6,0.0,0.0,1.0,0.0,1.0000000000000004e-05,True,REGULAR,USD,,,,,
2026-12-18,1000.0,AMAT261218P01000000,2026-08-06 15:03:04+00:00,473.0,560.55,568.3,0.0,0.0,,0.0,0.6013223461914063,True,REGULAR,USD,0.9330181271495722,1.10718310709536,564.0689252999373,1.020100617122466,0.3022031740265353
2026-12-18,1020.0,AMAT261218P01020000,2026-08-03 19:41:25+00:00,508.85,580.55,588.3,0.0,0.0,,0.0,0.6135292553710938,True,REGULAR,USD,0.9552407977678072,1.1289313988628955,584.0761149287168,1.0420860983153517,0.3153698746521202
2027-01-15,250.0,AMAT270115P00250000,2026-09-03 18:30:59+00:00,2.75,2.46,3.1,-0.29999995,-9.836064,1.0,1020.0,0.5778850805664062,False,REGULAR,USD,0.5767314953739849,0.6057300015753768,2.770225627500924,0.5912307484746808,0.1283293395184076
2027-01-15,300.0,AMAT270115P00300000,2026-09-03 19:45:30+00:00,7.55,7.05,7.8,0.48000002,6.7892504,8.0,1299.0,0.5385788330078126,False,REGULAR,USD,0.546397031210547,0.5633865772203246,7.421282892695281,0.5548918042154358,0.1130390644593201
2027-01-15,310.0,AMAT270115P00310000,2026-09-02 19:06:54+00:00,8.65,8.4,9.5,0.0,0.0,2.0,875.0,0.5337265866088867,False,REGULAR,USD,0.5396159686899744,0.5618150868718589,8.943916249714569,0.5507155277809166,0.1113439380828159
2027-01-15,330.0,AMAT270115P00330000,2026-09-03 15:08:12+00:00,13.0,11.9,13.45,0.8500004,6.995888,1.0,534.0,0.5245408874511719,False,REGULAR,USD,0.5303021700095445,0.5558610355849282,12.668091924554028,0.5430816027972363,0.1082784713911595
2027-01-15,340.0,AMAT270115P00340000,2026-09-03 17:26:56+00:00,14.6,14.0,15.4,0.5,3.5460992,14.0,588.0,0.5171557073974609,False,REGULAR,USD,0.5258900942721201,0.547120763819737,14.695698822007316,0.5365054290459286,0.1056720605562501
2027-01-15,350.0,AMAT270115P00350000,2026-09-03 17:50:34+00:00,17.25,16.55,18.05,-0.35000038,-1.9886385,361.0,1048.0,0.5145922564697265,False,REGULAR,USD,0.5244306768498296,0.5454111946126711,17.296405115174892,0.5349209357312503,0.1050488071309641
2027-01-15,360.0,AMAT270115P00360000,2026-09-03 15:29:28+00:00,19.97,19.15,21.6,0.5699997,2.9381428,5.0,816.0,0.5144396701049804,False,REGULAR,USD,0.519903317281899,0.5517516272547662,20.368258831163914,0.5358274722683326,0.1054051636301947
2027-01-15,370.0,AMAT270115P00370000,2026-09-03 17:52:22+00:00,23.1,22.25,25.05,-0.29999924,-1.282048,17.0,1021.0,0.5128832891845703,False,REGULAR,USD,0.5183391233086817,0.5525120178418181,23.643931505149386,0.53542557057525,0.1052471029530451
2027-01-15,380.0,AMAT270115P00380000,2026-09-03 17:25:03+00:00,26.32,25.45,28.5,-0.2800007,-1.0526341,11.0,809.0,0.5084277673339843,False,REGULAR,USD,0.5144950201654485,0.5497742257807979,26.97015518285951,0.5321346229731232,0.1039572943384773
2027-01-15,390.0,AMAT270115P00390000,2026-09-03 17:30:29+00:00,29.9,29.05,31.85,0.25,0.84317034,11.0,617.0,0.5025074163818359,False,REGULAR,USD,0.5119847856129626,0.54290818105357,30.44741400829102,0.5274464833332663,0.1021336225550804
2027-01-15,400.0,AMAT270115P00400000,2026-09-03 18:56:17+00:00,34.05,33.9,35.65,0.14999771,0.44247112,39.0,910.0,0.5025074163818359,False,REGULAR,USD,0.5196254779682529,0.5381837620347715,34.7744630070012,0.5289046200015122,0.1026991041257493
2027-01-15,410.0,AMAT270115P00410000,2026-09-03 14:11:28+00:00,41.4,37.9,40.8,3.4500008,9.090911,2.0,705.0,0.5017444845581055,False,REGULAR,USD,0.5148159627066847,0.5445646760813205,39.3494307561468,0.5296903193940026,0.1030044542948014
2027-01-15,420.0,AMAT270115P00420000,2026-09-03 16:33:41+00:00,43.0,42.75,44.55,-0.25,-0.5780347,6.0,802.0,0.504063797302246,False,REGULAR,USD,0.5157225573836198,0.5337016675913367,43.65000212443084,0.5247121124874783,0.1010774118706949
2027-01-15,430.0,AMAT270115P00430000,2026-09-03 16:57:55+00:00,47.8,46.95,51.8,-0.45000076,-0.93264407,6.0,601.0,0.5230607997131347,False,REGULAR,USD,0.5072994284216867,0.5547605117594645,49.376028376935096,0.5310299700905756,0.1035261345315322
2027-01-15,440.0,AMAT270115P00440000,2026-09-03 15:02:37+00:00,54.94,52.2,58.3,2.4199982,4.6077647,7.0,664.0,0.5025226750183105,True,REGULAR,USD,0.5064311688320611,0.5652566712138916,55.252194824576634,0.5358439200229763,0.1054116347611754
2027-01-15,450.0,AMAT270115P00450000,2026-09-03 18:11:40+00:00,60.15,57.75,62.75,1.8400002,3.155548,30.0,1233.0,0.5179491564941407,True,REGULAR,USD,0.5056946625073009,0.5534370263882662,60.25125820300596,0.5295658444477835,0.102956048775789
2027-01-15,460.0,AMAT270115P00460000,2026-09-03 18:30:37+00:00,65.85,63.6,68.65,1.8999977,2.9710674,3.0,223.0,0.515553550567627,True,REGULAR,USD,0.5051696430434263,0.5531663462749501,66.12554649112988,0.5291679946591882,0.102801410193419
2027-01-15,470.0,AMAT270115P00470000,2026-09-03 14:11:28+00:00,75.75,69.7,73.5,4.050003,5.64854,2.0,341.0,0.5006916386413574,True,REGULAR,USD,0.5044734513165515,0.5405962121718416,71.59955313267594,0.5225348317441966,0.1002403154841517
2027-01-15,480.0,AMAT270115P00480000,2026-09-03 16:33:49+00:00,77.93,77.5,80.55,1.5800018,2.0694196,9.0,428.0,0.5042469009399414,True,REGULAR,USD,0.51756963565611,0.5466785683649168,79.02414965420849,0.5321241020105134,0.1039531836493873
2027-01-15,490.0,AMAT270115P00490000,2026-09-03 17:57:04+00:00,84.83,84.1,87.4,0.58000183,0.6884295,14.0,291.0,0.5035907795715333,True,REGULAR,USD,0.5169737085760452,0.5487269257479122,85.74809245169675,0.5328503171619787,0.1042371170053404
2027-01-15,500.0,AMAT270115P00500000,2026-09-03 18:00:28+00:00,91.97,90.55,95.0,6.1900024,7.2161374,6.0,1594.0,0.5080463014221193,True,REGULAR,USD,0.5126714642773792,0.5559954786448532,92.76954485535566,0.5343334714611162,0.1048181990930797
2027-01-15,510.0,AMAT270115P00510000,2026-09-03 14:09:24+00:00,104.35,97.5,104.0,11.75,12.688985,2.0,204.0,0.5245103701782227,True,REGULAR,USD,0.5110470311598714,0.5751506134841763,100.73419534993316,0.5430988223220239,0.1082853378855185
2027-01-15,520.0,AMAT270115P00520000,2026-09-03 14:07:59+00:00,112.45,103.0,109.45,6.5199966,6.1550045,2.0,238.0,0.503209313659668,True,REGULAR,USD,0.4924105926179449,0.5576785780702622,106.20102489146684,0.5250445853441036,0.1012055436281853
2027-01-15,530.0,AMAT270115P00530000,2026-09-03 19:54:30+00:00,113.8,111.45,117.3,6.4100037,5.9689016,3.0,310.0,0.5041248318481445,True,REGULAR,USD,0.5017635401374062,0.5621020326842228,114.35051889346607,0.5319327864108145,0.10387844811144
2027-01-15,540.0,AMAT270115P00540000,2026-09-03 14:53:27+00:00,126.7,118.45,125.3,8.439995,7.1368127,17.0,229.0,0.5047504359436035,True,REGULAR,USD,0.4939285376896868,0.5664920815248786,121.83193047257588,0.5302103096072828,0.1032067898724821
2027-01-15,550.0,AMAT270115P00550000,2026-09-03 14:14:37+00:00,135.6,127.9,133.75,7.880005,6.16975,2.0,908.0,0.5086413882446289,True,REGULAR,USD,0.5110343533528744,0.5741384352423569,130.7893044662938,0.5425863942976157,0.1080810941564464
2027-01-15,560.0,AMAT270115P00560000,2026-09-01 17:31:15+00:00,134.0,135.4,142.75,0.0,0.0,1.0,328.0,0.5173693283081054,True,REGULAR,USD,0.5049825341826486,0.5864230967760171,139.00770936932258,0.5457028154793329,0.1093262175839931
2027-01-15,580.0,AMAT270115P00580000,2026-09-03 19:33:01+00:00,155.8,152.85,159.0,5.2700043,3.500966,2.0,135.0,0.5095569064331055,True,REGULAR,USD,0.5163941340204066,0.588485168072016,155.86108576330005,0.5524396510462113,0.1120421975847671
2027-01-15,600.0,AMAT270115P00600000,2026-09-03 14:11:21+00:00,179.1,169.6,176.55,6.100006,3.526015,2.0,400.0,0.5113879428100586,True,REGULAR,USD,0.51350338727716,0.6004292768722735,172.9665666270352,0.5569663320747168,0.1138858639415844
2027-01-15,610.0,AMAT270115P00610000,2026-09-03 14:11:28+00:00,188.2,178.75,184.7,10.75,6.0580444,2.0,160.0,0.5008594836425782,True,REGULAR,USD,0.5202971092788317,0.5973026541037024,181.6343736922609,0.558799881691267,0.1146369294308913
2027-01-15,620.0,AMAT270115P00620000,2026-09-03 14:07:58+00:00,198.2,187.7,193.6,11.449997,6.1311903,2.0,146.0,0.4992725854492187,True,REGULAR,USD,0.5233064533769941,0.6021613478643811,190.55037611066763,0.5627339006206876,0.1162567269853197
2027-01-15,630.0,AMAT270115P00630000,2026-08-28 15:08:37+00:00,173.65,196.15,204.15,0.0,0.0,4.0,138.0,0.5226488165283203,True,REGULAR,USD,0.5175976759677051,0.6270928632016961,199.95382837800295,0.5723452695847007,0.1202619189603885
2027-01-15,640.0,AMAT270115P00640000,2026-08-28 15:08:07+00:00,182.2,206.15,212.85,0.0,0.0,5.0,88.0,0.5159960510253907,True,REGULAR,USD,0.5344162960334976,0.62814038137405,209.3537676157879,0.5812783387037739,0.1240452710799818
2027-01-15,660.0,AMAT270115P00660000,2026-08-26 19:15:22+00:00,196.4,225.3,231.7,0.0,0.0,6.0,40.0,0.5230150238037108,True,REGULAR,USD,0.5535823644600436,0.6468558647842106,228.3518783662198,0.6002191146221272,0.1322609316842225
2027-01-15,680.0,AMAT270115P00680000,2026-09-02 13:47:53+00:00,246.57,242.85,250.7,0.0,0.0,1.0,287.0,0.5293015820312501,True,REGULAR,USD,0.5425930878043872,0.6655576103917972,246.50252020896423,0.6040753490980921,0.1339658675890125
2027-01-15,700.0,AMAT270115P00700000,2026-08-11 14:23:14+00:00,204.42,262.8,269.85,0.0,0.0,2.0,24.0,0.5353745193481446,True,REGULAR,USD,0.5715684529791916,0.6845902602575946,266.0975834967814,0.6280793566183931,0.14482414487716
2027-01-15,710.0,AMAT270115P00710000,2026-08-10 13:37:25+00:00,210.0,271.7,279.6,0.0,0.0,1.0,26.0,0.5412033184814455,True,REGULAR,USD,0.5650356775304387,0.696046714378952,275.33918292319686,0.6305411959546954,0.1459616843086602
2027-01-15,720.0,AMAT270115P00720000,2026-08-17 17:02:08+00:00,207.9,281.45,289.25,0.0,0.0,2.0,16.0,0.5442245285034181,True,REGULAR,USD,0.5743589446444224,0.705732175557304,285.03830537420185,0.6400455601008632,0.150395108894923
2027-01-15,730.0,AMAT270115P00730000,2026-07-22 14:06:11+00:00,238.41,253.0,258.6,0.0,0.0,2.0,8.0,1.0000000000000004e-05,True,REGULAR,USD,,,,,
2027-01-15,740.0,AMAT270115P00740000,2026-08-13 15:26:20+00:00,215.15,301.0,308.8,0.0,0.0,10.0,13.0,0.5545698840332032,True,REGULAR,USD,0.5931676176518735,0.7278602280981132,304.5759934245973,0.6605139228749934,0.1601680495062178
2027-01-15,750.0,AMAT270115P00750000,2026-08-13 17:53:17+00:00,223.62,310.85,318.65,0.0,0.0,22.0,29.0,0.5609785113525392,True,REGULAR,USD,0.6037648123067569,0.739646587459782,314.423024579783,0.6717056998832694,0.16564182282811
2027-01-15,760.0,AMAT270115P00760000,2026-07-02 19:13:08+00:00,245.45,280.3,286.1,0.0,0.0,35.0,26.0,1.0000000000000004e-05,True,REGULAR,USD,,,,,
2027-01-15,780.0,AMAT270115P00780000,2026-07-08 13:56:06+00:00,270.05,299.0,304.75,0.0,0.0,5.0,36.0,1.0000000000000004e-05,True,REGULAR,USD,,,,,
2027-01-15,800.0,AMAT270115P00800000,2026-09-02 18:18:51+00:00,362.15,361.0,368.3,0.0,0.0,1.0,37.0,0.599735447998047,True,REGULAR,USD,0.6730643014930161,0.8013711899690518,364.3763026315601,0.7372177457310339,0.1995278373128223
2027-01-15,820.0,AMAT270115P00820000,2026-08-18 15:26:25+00:00,325.55,379.25,389.0,0.0,0.0,2.0,0.0,0.6372106591796876,True,REGULAR,USD,0.6597849504407137,0.8375769836893158,383.5993171691912,0.7486809670650147,0.2057811164922859
2027-01-15,840.0,AMAT270115P00840000,2026-09-03 18:51:47+00:00,408.35,401.9,408.3,156.89,62.391632,16.0,13.0,0.5024463818359376,True,REGULAR,USD,0.7412988921851431,0.8517235662983416,404.9093412846886,0.7965112292417423,0.2329140781734182
2027-01-15,860.0,AMAT270115P00860000,2026-09-03 18:51:41+00:00,428.18,421.9,427.15,8.029999,1.9112219,26.0,18.0,0.6149330499267578,True,REGULAR,USD,0.7654347603902724,0.8578164870044422,424.39221000170994,0.8116256236973574,0.241837382212725
2027-01-15,880.0,AMAT270115P00880000,2026-09-03 18:51:41+00:00,440.75,440.55,448.3,106.78,31.97293,24.0,17.0,0.6687044848632814,True,REGULAR,USD,0.7616186704334471,0.8995639658515624,444.13269446360744,0.8305913181425048,0.2532717251004829
2027-01-15,900.0,AMAT270115P00900000,2026-07-16 18:35:12+00:00,373.25,415.0,420.45,0.0,0.0,110.0,91.0,1.0000000000000004e-05,True,REGULAR,USD,,,,,
2027-01-15,920.0,AMAT270115P00920000,2026-07-01 19:39:07+00:00,330.92,434.2,440.15,0.0,0.0,,2.0,1.0000000000000004e-05,True,REGULAR,USD,,,,,
2027-01-15,940.0,AMAT270115P00940000,2026-07-13 15:46:33+00:00,391.35,448.9,455.9,0.0,0.0,,5.0,1.0000000000000004e-05,True,REGULAR,USD,,,,,
2027-01-15,950.0,AMAT270115P00950000,2026-08-13 15:48:48+00:00,405.96,511.4,518.25,0.0,0.0,6.0,0.0,0.5551802294921876,True,REGULAR,USD,0.8579720096525181,0.9772815316090896,514.6220772332241,0.917626770630804,0.3091320857093003
2027-01-15,980.0,AMAT270115P00980000,2026-07-20 14:48:04+00:00,466.19,488.15,495.85,0.0,0.0,4.0,5.0,1.0000000000000004e-05,True,REGULAR,USD,,,,,
2027-01-15,1000.0,AMAT270115P01000000,2026-07-20 14:47:36+00:00,484.57,514.0,519.6,0.0,0.0,,6.0,1.0000000000000004e-05,True,REGULAR,USD,,,,,
2027-01-15,1020.0,AMAT270115P01020000,2026-07-20 14:54:19+00:00,504.12,531.5,540.45,0.0,0.0,,1.0,1.0000000000000004e-05,True,REGULAR,USD,,,,,
2027-02-19,360.0,AMAT270219P00360000,2026-09-03 14:45:05+00:00,27.4,25.05,26.1,1.9499989,7.6620774,16.0,214.0,0.5161638960266113,False,REGULAR,USD,0.53428666430728,0.5460387642860318,25.57419007523127,0.5401627142966559,0.1350961728434517
2027-02-19,380.0,AMAT270219P00380000,2026-09-03 14:47:47+00:00,34.23,31.7,35.25,1.7299995,5.3230753,10.0,218.0,0.5179186392211915,False,REGULAR,USD,0.5265088173677591,0.5624572348989243,33.47100398396422,0.5444830261333418,0.1372658586610884
2027-02-19,390.0,AMAT270219P00390000,2026-09-03 19:54:39+00:00,37.15,34.3,38.1,0.8500023,2.3416042,15.0,233.0,0.5028736236572267,False,REGULAR,USD,0.5119431289435952,0.549017050318388,36.19696491118495,0.5304800896309916,0.1302962800236682
2027-02-19,400.0,AMAT270219P00400000,2026-09-03 19:30:27+00:00,40.75,40.1,42.0,-1.3499985,-3.2066474,102.0,276.0,0.505742247314453,False,REGULAR,USD,0.5259790981956598,0.5438725435441426,41.04964294579679,0.5349258208699013,0.1324893482680385
2027-02-19,410.0,AMAT270219P00410000,2026-09-02 19:55:51+00:00,45.8,44.6,47.55,0.0,0.0,25.0,191.0,0.5074206973266601,False,REGULAR,USD,0.5247306523481233,0.5517167498608492,46.07480206808444,0.5382237011044863,0.1341280086596529
2027-02-19,420.0,AMAT270219P00420000,2026-09-03 17:49:33+00:00,50.71,47.85,54.7,0.80999756,1.6232415,2.0,571.0,0.508092077331543,False,REGULAR,USD,0.5099973123388822,0.571196646267204,51.27626831631042,0.5405969793030432,0.1353134818940716
2027-02-19,430.0,AMAT270219P00430000,2026-09-03 19:31:05+00:00,55.65,53.75,58.45,0.70000076,1.2738867,12.0,267.0,0.5031482791137696,False,REGULAR,USD,0.51675141551114,0.5579468251549613,56.10121642615928,0.5373491203330507,0.1336924631061284
2027-02-19,440.0,AMAT270219P00440000,2026-09-02 14:33:18+00:00,59.35,59.75,63.05,0.0,0.0,6.0,131.0,0.5001118104553224,True,REGULAR,USD,0.5219142120158164,0.5504179191886938,61.40072298892687,0.5361660656022551,0.1331044231059586
2027-02-19,450.0,AMAT270219P00450000,2026-09-03 19:32:54+00:00,66.95,63.25,69.4,1.1499939,1.7477111,2.0,450.0,0.5177660528564454,True,REGULAR,USD,0.5034916184015249,0.556042682708236,66.32732604844347,0.5297671505548804,0.1299462918175049
2027-02-19,460.0,AMAT270219P00460000,2026-09-01 14:15:41+00:00,70.28,69.85,77.4,0.0,0.0,1.0,124.0,0.5013630186462403,True,REGULAR,USD,0.5095643735574857,0.5736991238988134,73.62759872093483,0.5416317487281496,0.1358319911175971
2027-02-19,470.0,AMAT270219P00470000,2026-09-02 17:14:41+00:00,77.75,75.95,83.6,0.0,0.0,2.0,350.0,0.5314835670471192,True,REGULAR,USD,0.5093573228343895,0.5741472965690351,79.77588950405314,0.5417523097017123,0.1358924671132785
2027-02-19,480.0,AMAT270219P00480000,2026-09-02 18:37:43+00:00,83.49,82.4,88.4,0.0,0.0,10.0,87.0,0.5160876028442383,True,REGULAR,USD,0.510196120510474,0.5610372508387155,85.39887326586748,0.5356166856745948,0.1328317932642283
2027-02-19,490.0,AMAT270219P00490000,2026-09-02 17:15:27+00:00,91.0,89.35,95.0,0.0,0.0,3.0,83.0,0.5140429455566407,True,REGULAR,USD,0.513456161205284,0.5615077364307067,92.17226410522836,0.5374819488179954,0.1337585667303483
2027-02-19,500.0,AMAT270219P00500000,2026-08-31 15:03:34+00:00,87.37,95.8,101.55,0.0,0.0,1.0,267.0,0.5097705273437501,True,REGULAR,USD,0.5106956501298715,0.5599445174616373,98.66982854447932,0.5353200837957544,0.1326847207327419
2027-02-19,510.0,AMAT270219P00510000,2026-09-02 17:16:20+00:00,104.5,102.6,107.35,0.0,0.0,1.0,64.0,0.497075341796875,True,REGULAR,USD,0.5092113678764589,0.5503424697084975,104.96941067252156,0.5297769187924782,0.1299510839528975
2027-02-19,520.0,AMAT270219P00520000,2026-09-03 19:54:30+00:00,112.63,109.6,116.3,22.629997,25.144442,3.0,47.0,0.5104266487121583,True,REGULAR,USD,0.5077980364960751,0.5664430821536964,112.93533364901332,0.5371205593248858,0.1335787553346898
2027-02-19,530.0,AMAT270219P00530000,2026-08-26 17:45:15+00:00,103.45,117.05,123.75,0.0,0.0,2.0,52.0,0.5090228541564943,True,REGULAR,USD,0.5087833212246752,0.5682713340765938,120.38079006209858,0.5385273276506345,0.1342793818188608
2027-02-19,540.0,AMAT270219P00540000,2026-09-01 15:04:56+00:00,122.25,124.75,131.3,0.0,0.0,1.0,49.0,0.5069629382324219,True,REGULAR,USD,0.5105561503852174,0.5696662210013133,128.00183941101443,0.5401111856932653,0.1350703991834423
2027-02-19,550.0,AMAT270219P00550000,2026-08-31 14:42:16+00:00,124.05,133.65,140.8,0.0,0.0,1.0,50.0,0.5218095915222167,True,REGULAR,USD,0.5221185212166931,0.5873583823389061,137.1939770416518,0.5547384517777996,0.1424854047393432
2027-02-19,560.0,AMAT270219P00560000,2026-08-31 19:31:38+00:00,130.33,140.55,147.25,0.0,0.0,2.0,31.0,0.5063220755004882,True,REGULAR,USD,0.5137080736754538,0.5764465587069328,143.8645799415308,0.5450773161911933,0.1375656669200734
2027-02-19,570.0,AMAT270219P00570000,2026-09-01 16:27:48+00:00,146.8,148.55,155.5,0.0,0.0,11.0,70.0,0.5066272482299804,True,REGULAR,USD,0.5142767223070263,0.5807208168434377,151.9800817073383,0.547498769575232,0.1387906261753436
2027-02-19,580.0,AMAT270219P00580000,2026-09-01 16:39:42+00:00,157.45,157.2,163.75,0.0,0.0,1.0,60.0,0.5056049195861816,True,REGULAR,USD,0.5201023183712306,0.5839882409451558,160.42930186281382,0.5520452796581932,0.1411052724493119
2027-02-19,590.0,AMAT270219P00590000,2026-09-01 17:33:32+00:00,164.85,165.75,173.35,0.0,0.0,2.0,22.0,0.5176745010375977,True,REGULAR,USD,0.5239376492492168,0.5992813169240117,169.48251769678222,0.5616094830866143,0.1460369335405084
2027-02-19,600.0,AMAT270219P00600000,2026-09-01 16:47:34+00:00,174.2,174.1,181.8,0.0,0.0,1.0,41.0,0.516606396484375,True,REGULAR,USD,0.5246537020951573,0.6028058073943036,177.870900166909,0.5637297547447304,0.1471416957506564
2027-02-19,610.0,AMAT270219P00610000,2026-08-24 16:14:00+00:00,160.93,182.3,190.4,0.0,0.0,12.0,40.0,0.5159807923889161,True,REGULAR,USD,0.5225873041687428,0.6069550312828461,186.25005243133305,0.5647711677257945,0.1476858458908121
2027-02-19,620.0,AMAT270219P00620000,2026-08-13 15:44:12+00:00,137.39,191.0,199.1,0.0,0.0,10.0,53.0,0.5153246710205077,True,REGULAR,USD,0.5249096211657043,0.6113186260581289,194.93850491197833,0.5681141236119166,0.1494393646810953
2027-02-19,630.0,AMAT270219P00630000,2026-08-11 15:39:16+00:00,160.2,200.0,207.9,0.0,0.0,1.0,60.0,0.5147143255615234,True,REGULAR,USD,0.529784951327118,0.6159667786203309,203.833611691163,0.5728758649737244,0.1519549640469244
2027-02-19,640.0,AMAT270219P00640000,2026-08-18 13:57:14+00:00,171.32,209.0,216.85,0.0,0.0,2.0,11.0,0.5148974291992188,True,REGULAR,USD,0.533913535037317,0.6214966812478722,212.79961313852272,0.5777051081425946,0.1545276697085313
2027-02-19,660.0,AMAT270219P00660000,2026-09-01 15:07:39+00:00,222.9,227.15,234.95,0.0,0.0,3.0,31.0,0.5148363946533203,True,REGULAR,USD,0.5418338122182272,0.6328746730372101,230.90473785806557,0.5873542426277187,0.1597327837540821
2027-02-19,680.0,AMAT270219P00680000,2026-08-14 13:33:13+00:00,204.8,246.05,253.4,0.0,0.0,40.0,54.0,0.515904499206543,True,REGULAR,USD,0.5569725649522773,0.645960659323169,249.5808654897668,0.6014666121377232,0.1675008012391143
2027-02-19,700.0,AMAT270219P00700000,2026-08-27 14:27:03+00:00,238.7,264.3,272.05,0.0,0.0,2.0,103.0,0.5165758792114258,True,REGULAR,USD,0.5613417070870148,0.6595022199341798,267.99166064733964,0.6104219635105973,0.1725258370619355
2027-02-19,720.0,AMAT270219P00720000,2026-08-14 13:33:09+00:00,236.8,283.0,290.85,0.0,0.0,6.0,4.0,0.5163927755737304,True,REGULAR,USD,0.5697397240123182,0.6732122421736527,286.71563752791707,0.6214759830929855,0.1788308909256859
2027-02-19,740.0,AMAT270219P00740000,2026-08-13 16:26:14+00:00,224.95,302.9,309.85,0.0,0.0,9.0,14.0,0.5166674310302735,True,REGULAR,USD,0.5945916576750067,0.6879486119072477,306.2054062498829,0.6412701347911272,0.190403912865699
2027-02-19,760.0,AMAT270219P00760000,2026-07-09 17:45:39+00:00,245.9,282.7,290.1,0.0,0.0,3.0,7.0,1.0000000000000004e-05,True,REGULAR,USD,,,,,
2027-02-19,780.0,AMAT270219P00780000,2026-08-14 13:33:09+00:00,288.0,341.1,348.9,0.0,0.0,40.0,44.0,0.5323227920532226,True,REGULAR,USD,0.6170978148541127,0.7272726915162593,344.76280095776633,0.672185253185186,0.2092048752529805
2027-02-19,800.0,AMAT270219P00800000,2026-09-02 19:27:08+00:00,361.45,360.9,368.65,0.0,0.0,1.0,8.0,0.5432784930419923,True,REGULAR,USD,0.6381440872593891,0.748563525848395,364.54047436668304,0.693353806553892,0.2225889744646806
2027-02-19,820.0,AMAT270219P00820000,2026-08-04 19:45:23+00:00,314.35,380.75,388.5,0.0,0.0,2.0,7.0,0.5558516094970705,True,REGULAR,USD,0.6594101597695965,0.7704480564118655,384.3919453247507,0.714929108090731,0.23665724219623
2027-02-19,880.0,AMAT270219P00880000,2026-08-07 13:30:42+00:00,369.0,440.25,448.3,0.0,0.0,1.0,0.0,0.5961344097900392,True,REGULAR,USD,0.7191899038457893,0.8357418339053163,444.0308049123525,0.7774658688755528,0.2798701012548621
2027-02-19,900.0,AMAT270219P00900000,2026-09-02 18:42:26+00:00,462.45,462.15,467.25,0.0,0.0,3.0,0.0,0.5794109442138673,True,REGULAR,USD,0.7710835971247332,0.8435234103644327,464.6088895771458,0.8073035037445829,0.3017640604650665
2027-02-19,910.0,AMAT270219P00910000,2026-06-18 13:53:34+00:00,335.55,438.0,446.0,0.0,0.0,20.0,10.0,1.0000000000000004e-05,True,REGULAR,USD,,,,,
2027-02-19,920.0,AMAT270219P00920000,2026-08-04 19:45:32+00:00,400.45,480.65,488.3,0.0,0.0,10.0,0.0,0.624149266357422,True,REGULAR,USD,0.7686937967353437,0.8783842979257692,484.26778085521386,0.8235390473305564,0.3140235590652119
2027-02-19,1020.0,AMAT270219P01020000,2026-08-28 16:46:06+00:00,556.35,582.15,588.3,0.0,0.0,,0.0,0.5625043750000001,True,REGULAR,USD,0.8919695303109074,0.9773776917117118,585.1111011215082,0.9346736110113096,0.4044956007984537
2027-03-19,270.0,AMAT270319P00270000,2026-09-01 19:42:27+00:00,7.65,7.05,8.85,0.0,0.0,2.0,66.0,0.5496260858154298,False,REGULAR,USD,0.5490786358154895,0.5868121208350066,7.929338051391497,0.567945378325248,0.1740950813532022
2027-03-19,290.0,AMAT270319P00290000,2026-09-03 19:54:37+00:00,11.5,10.15,13.2,1.3999996,13.8613825,3.0,52.0,0.5495345339965821,False,REGULAR,USD,0.5440160113569694,0.5949232049992336,11.64100580929756,0.5694696081781014,0.1750307945857219
2027-03-19,300.0,AMAT270319P00300000,2026-09-02 19:55:49+00:00,13.4,12.2,14.9,0.0,0.0,1.0,1339.0,0.5442855630493165,False,REGULAR,USD,0.5447064179382487,0.5858781700987279,13.529059067619386,0.5652922940184884,0.1724723545268683
2027-03-19,350.0,AMAT270319P00350000,2026-09-03 19:54:39+00:00,26.1,24.45,26.95,0.6499996,2.554026,14.0,825.0,0.515904499206543,False,REGULAR,USD,0.5283669850943538,0.5553204469298976,25.695029828063397,0.5418437160121257,0.1584606539140282
2027-03-19,390.0,AMAT270319P00390000,2026-09-03 19:54:37+00:00,41.45,39.75,42.9,1.5499992,3.8847098,5.0,232.0,0.5110827700805664,False,REGULAR,USD,0.5282951140083596,0.5566560233968029,41.32361451979503,0.5424755687025813,0.1588304364381376
2027-03-19,400.0,AMAT270319P00400000,2026-09-03 13:50:14+00:00,45.54,44.25,46.4,1.3800011,3.1250024,6.0,1081.0,0.5050708673095703,False,REGULAR,USD,0.5285282537502652,0.5472913154069916,45.32470511845162,0.5379097845786285,0.156168072493285
2027-03-19,410.0,AMAT270319P00410000,2026-09-02 13:30:10+00:00,47.49,48.65,51.25,0.0,0.0,1.0,255.0,0.50235483001709,False,REGULAR,USD,0.525767343529377,0.5478531959977907,49.94996464627596,0.5368102697635839,0.1555302941029024
2027-03-19,420.0,AMAT270319P00420000,2026-09-01 19:40:47+00:00,52.95,52.85,57.5,0.0,0.0,69.0,449.0,0.5025074163818359,False,REGULAR,USD,0.5194351509079238,0.5580540196014301,55.17579091773808,0.5387445852546769,0.1566531738186933
2027-03-19,430.0,AMAT270319P00430000,2026-09-03 19:22:08+00:00,60.0,58.7,61.75,1.5200005,2.59918,6.0,352.0,0.5114032014465333,False,REGULAR,USD,0.524819709993503,0.5496848229458839,60.225565217512894,0.5372522664696935,0.1557865193750247
2027-03-19,440.0,AMAT270319P00440000,2026-09-03 19:36:09+00:00,65.55,64.0,67.6,1.050003,1.6279117,1.0,130.0,0.5124102714538574,True,REGULAR,USD,0.5237310837291947,0.5526558905855816,65.80093067512246,0.5381934871573881,0.156332847218822
2027-03-19,450.0,AMAT270319P00450000,2026-09-03 19:31:14+00:00,71.15,69.6,73.2,2.300003,3.3406,3.0,213.0,0.5095721650695801,True,REGULAR,USD,0.5232447319536039,0.5518512952890169,71.40090912313502,0.5375480136213104,0.155958081613147
2027-03-19,460.0,AMAT270319P00460000,2026-09-03 14:51:27+00:00,79.7,75.35,79.6,6.949997,9.553261,3.0,165.0,0.511250615081787,True,REGULAR,USD,0.522213758275846,0.5557312286206397,77.47603989746125,0.5389724934482429,0.1567857416237857
2027-03-19,470.0,AMAT270319P00470000,2026-09-02 15:58:40+00:00,82.39,81.25,85.55,0.0,0.0,1.0,135.0,0.5077106114196777,True,REGULAR,USD,0.5207020080302942,0.5544596267535241,83.40063243690949,0.5375808173919092,0.1559771168215545
2027-03-19,480.0,AMAT270319P00480000,2026-09-03 16:35:42+00:00,89.4,87.55,91.95,0.75,0.8460237,7.0,203.0,0.5060321614074708,True,REGULAR,USD,0.5207241715163216,0.5552149736547579,89.75002699068725,0.5379695725855398,0.1562027901986029
2027-03-19,490.0,AMAT270319P00490000,2026-09-03 18:00:28+00:00,96.08,94.2,98.5,3.130005,3.367407,14.0,239.0,0.5039417282104492,True,REGULAR,USD,0.521948189278653,0.5556965613142001,96.34925821012304,0.5388223752964265,0.1566984158017982
2027-03-19,500.0,AMAT270319P00500000,2026-09-01 13:48:23+00:00,100.25,100.45,105.4,0.0,0.0,1.0,806.0,0.503056727294922,True,REGULAR,USD,0.5185375787990109,0.5575403655264268,102.92274294646288,0.5380389721627188,0.1562430939903705
2027-03-19,520.0,AMAT270319P00520000,2026-09-01 18:51:03+00:00,114.98,114.5,119.45,0.0,0.0,3.0,172.0,0.4988148263549804,True,REGULAR,USD,0.5197173575247701,0.5592970736038047,116.96962042440684,0.5395072155642874,0.1570969945815021
2027-03-19,540.0,AMAT270319P00540000,2026-09-01 19:10:19+00:00,129.5,129.5,136.55,0.0,0.0,1.0,268.0,0.5143633769226073,True,REGULAR,USD,0.5233672132264978,0.5808271862688087,133.0075017241423,0.5520971997476533,0.1645146017532395
2027-03-19,560.0,AMAT270319P00560000,2026-09-02 15:58:40+00:00,145.95,144.85,150.4,0.0,0.0,1.0,124.0,0.4974415490722657,True,REGULAR,USD,0.5251973598785445,0.5718463718566987,147.60789952672928,0.5485218658676216,0.1623907363149992
2027-03-19,580.0,AMAT270319P00580000,2026-08-27 19:34:00+00:00,141.85,160.0,166.55,0.0,0.0,23.0,238.0,0.4951527536010742,True,REGULAR,USD,0.5206947217776643,0.5777670139734844,163.2412510547992,0.5492308678755744,0.1628108098816144
2027-03-19,600.0,AMAT270319P00600000,2026-08-31 17:01:49+00:00,165.1,177.3,183.3,0.0,0.0,1.0,476.0,0.4938405108642578,True,REGULAR,USD,0.5313548871181533,0.5854296705115486,180.26402004729255,0.558392278814851,0.1682876208133926
2027-03-19,610.0,AMAT270319P00610000,2026-08-13 17:06:04+00:00,135.8,185.0,192.3,0.0,0.0,5.0,59.0,0.4978840495300293,True,REGULAR,USD,0.5265137340166499,0.5936828902340846,188.589503320276,0.5600983121253673,0.1693175164147945
2027-03-19,620.0,AMAT270319P00620000,2026-09-01 16:43:23+00:00,194.05,193.75,201.5,0.0,0.0,1.0,96.0,0.5032398309326171,True,REGULAR,USD,0.5307004138615281,0.6031560152310376,197.5508517355484,0.5669282145462828,0.1734720473654282
2027-03-19,630.0,AMAT270319P00630000,2026-08-13 18:32:54+00:00,151.15,202.15,210.15,0.0,0.0,18.0,110.0,0.5020191400146485,True,REGULAR,USD,0.5306696834064364,0.6070812957101862,206.0617366899087,0.5688754895583112,0.1746657713867973
2027-03-19,640.0,AMAT270319P00640000,2026-08-04 17:49:08+00:00,181.0,212.05,218.35,0.0,0.0,23.0,59.0,0.4946187013244629,True,REGULAR,USD,0.5450466461795019,0.606162733027366,215.1413142246638,0.5756046896034339,0.1788224368838704
2027-03-19,660.0,AMAT270319P00660000,2026-08-18 16:00:53+00:00,192.13,229.3,236.7,0.0,0.0,2.0,77.0,0.4990589645385742,True,REGULAR,USD,0.5461850439798944,0.6208554574534669,232.90425490513425,0.5835202507166807,0.1837744902748005
2027-03-19,680.0,AMAT270319P00680000,2026-07-28 14:05:07+00:00,256.19,248.4,254.6,0.0,0.0,6.0,48.0,0.494572925415039,True,REGULAR,USD,0.5648048306974757,0.6293008905725382,251.42504457652836,0.597052860635007,0.1923972803378402
2027-03-19,700.0,AMAT270319P00700000,2026-08-20 15:45:29+00:00,234.45,266.85,273.1,0.0,0.0,1.0,127.0,0.4944813735961915,True,REGULAR,USD,0.5747328811640867,0.6419369413756298,269.88983242911513,0.6083349112698583,0.199737147290773
2027-03-19,710.0,AMAT270319P00710000,2026-08-13 15:50:40+00:00,208.5,275.0,282.75,0.0,0.0,3.0,10.0,0.4992725854492187,True,REGULAR,USD,0.5663668036044867,0.6518196419939835,278.7321721731167,0.6090932227992351,0.2002354168487995
2027-03-19,720.0,AMAT270319P00720000,2026-08-03 15:47:39+00:00,257.15,284.25,292.15,0.0,0.0,4.0,15.0,0.4997608618164063,True,REGULAR,USD,0.5702697499777107,0.6588291748211085,288.0440198145297,0.6145494623994097,0.2038388910188341
2027-03-19,730.0,AMAT270319P00730000,2026-08-17 13:49:19+00:00,236.4,295.15,301.45,0.0,0.0,2.0,33.0,0.4978993081665039,True,REGULAR,USD,0.5939276712428351,0.6644703885608473,298.20263437057343,0.6291990299018412,0.2136729029813571
2027-03-19,740.0,AMAT270319P00740000,2026-08-12 14:38:47+00:00,236.24,303.1,311.0,0.0,0.0,2.0,6.0,0.499455689086914,True,REGULAR,USD,0.5812593675150698,0.6724553508178756,306.8807684292416,0.6268573591664727,0.212085422745231
2027-03-19,750.0,AMAT270319P00750000,2026-07-23 14:31:35+00:00,261.86,277.05,284.05,0.0,0.0,2.0,34.0,1.0000000000000004e-05,True,REGULAR,USD,,,,,
2027-03-19,760.0,AMAT270319P00760000,2026-08-21 15:23:38+00:00,288.05,323.05,330.05,0.0,0.0,1.0,6.0,0.4998829309082031,True,REGULAR,USD,0.6051954181050411,0.6871166423965744,326.41405532110844,0.6461560302508078,0.2253451239441318
2027-03-19,780.0,AMAT270319P00780000,2026-08-17 13:49:44+00:00,277.55,342.35,349.4,0.0,0.0,2.0,12.0,0.5037891418457032,True,REGULAR,USD,0.6200844377174722,0.7041213106397384,345.73155020951754,0.6621028741786052,0.2366052124688419
2027-03-19,800.0,AMAT270319P00800000,2026-07-01 16:13:31+00:00,251.26,323.4,329.2,0.0,0.0,,58.0,1.0000000000000004e-05,True,REGULAR,USD,,,,,
2027-03-19,820.0,AMAT270319P00820000,2026-07-24 16:26:49+00:00,323.66,336.6,344.75,0.0,0.0,4.0,9.0,1.0000000000000004e-05,True,REGULAR,USD,,,,,
2027-03-19,840.0,AMAT270319P00840000,2026-08-07 18:10:35+00:00,332.92,400.75,408.5,0.0,0.0,2.0,24.0,0.5297288238525393,True,REGULAR,USD,0.6669190808175655,0.7625306375338048,404.4428450136164,0.7147248591756852,0.2757091232651218
2027-03-19,860.0,AMAT270319P00860000,2026-09-01 15:30:21+00:00,414.85,421.5,428.4,0.0,0.0,3.0,22.0,0.5413864221191409,True,REGULAR,USD,0.6987267688809902,0.7830690055019943,424.8124913852312,0.7408978871914922,0.2962716350992574
2027-03-19,900.0,AMAT270319P00900000,2026-09-02 18:42:26+00:00,462.45,459.3,469.0,0.0,0.0,2.0,0.0,0.5826457751464844,True,REGULAR,USD,0.7104891799868052,0.8316819374068471,463.86854739304505,0.7710855586968262,0.32090649027306
2027-03-19,910.0,AMAT270319P00910000,2026-06-30 14:26:24+00:00,302.0,427.0,432.55,0.0,0.0,,9.0,1.0000000000000004e-05,True,REGULAR,USD,,,,,
2027-03-19,920.0,AMAT270319P00920000,2026-06-30 17:03:29+00:00,305.81,434.75,442.15,0.0,0.0,12.0,10.0,1.0000000000000004e-05,True,REGULAR,USD,,,,,
2027-03-19,950.0,AMAT270319P00950000,2026-06-30 19:01:55+00:00,326.12,464.0,471.25,0.0,0.0,,1.0,1.0000000000000004e-05,True,REGULAR,USD,,,,,
2027-03-19,1000.0,AMAT270319P01000000,2026-07-31 13:32:40+00:00,485.0,560.55,568.3,0.0,0.0,1.0,0.0,0.626377027282715,True,REGULAR,USD,0.8257488769585807,0.9207093659639104,564.2671494586363,0.8732291214612455,0.411556801144909
2027-06-17,220.0,AMAT270617P00220000,2026-08-28 13:44:14+00:00,5.93,4.7,6.7,0.0,0.0,5.0,135.0,0.5565840240478517,False,REGULAR,USD,0.5512885828856184,0.6019532005312898,5.65871692573905,0.5766208917084541,0.2614386420290009
2027-06-17,230.0,AMAT270617P00230000,2026-08-31 15:09:19+00:00,7.12,6.0,8.0,0.0,0.0,1.0,186.0,0.5549360913085939,False,REGULAR,USD,0.5541543813261196,0.5982604931851104,6.968480487552036,0.576207437255615,0.261063857766773
2027-06-17,320.0,AMAT270617P00320000,2026-09-02 15:30:30+00:00,24.65,20.85,28.85,0.0,0.0,7.0,497.0,0.5130053582763672,False,REGULAR,USD,0.5023636984396301,0.5834708493782088,24.784574921051316,0.5429172739089194,0.2317695362482049
2027-06-17,330.0,AMAT270617P00330000,2026-09-01 18:16:36+00:00,27.85,25.7,32.1,0.0,0.0,11.0,292.0,0.5191088128662109,False,REGULAR,USD,0.5205490016139875,0.5814132609836526,28.870190189954712,0.5509811312988201,0.238705532664611
2027-06-17,340.0,AMAT270617P00340000,2026-09-03 18:31:59+00:00,31.25,30.75,32.7,0.79999924,2.6272552,28.0,340.0,0.5117846673583983,False,REGULAR,USD,0.5362142422200112,0.5538694846102339,31.72285630456534,0.5450418634151226,0.2335870455757078
2027-06-17,350.0,AMAT270617P00350000,2026-09-03 15:34:55+00:00,35.0,31.05,39.3,0.75,2.189781,13.0,263.0,0.5082904396057129,False,REGULAR,USD,0.5069804162901724,0.5783400231436506,35.14651502112298,0.5426602197169115,0.2315501170853159
2027-06-17,370.0,AMAT270617P00370000,2026-09-03 15:10:18+00:00,43.5,41.8,43.75,1.2999992,3.080567,6.0,446.0,0.5019123295593262,False,REGULAR,USD,0.5316413187717013,0.5472001700735912,42.77425722029888,0.5394207444226462,0.2287938362749843
2027-06-17,380.0,AMAT270617P00380000,2026-09-03 19:34:34+00:00,47.2,45.85,51.6,0.15000153,0.31881303,272.0,478.0,0.5124102714538574,False,REGULAR,USD,0.5297710101597609,0.5740472199931475,48.72178112274884,0.5519091150764541,0.2395102840120116
2027-06-17,400.0,AMAT270617P00400000,2026-09-01 19:59:50+00:00,58.25,55.15,58.45,0.0,0.0,74.0,1720.0,0.5114489773559571,False,REGULAR,USD,0.5304298383640018,0.5544587604977583,56.80001099810548,0.54244429943088,0.2313658897581142
2027-06-17,410.0,AMAT270617P00410000,2026-09-02 19:43:03+00:00,60.39,59.1,62.45,0.0,0.0,7.0,464.0,0.5027515545654297,False,REGULAR,USD,0.5235449485057425,0.5473692837065504,60.775375111153295,0.5354571161061464,0.2254438650826304
2027-06-17,420.0,AMAT270617P00420000,2026-09-03 19:27:38+00:00,66.82,63.95,69.7,0.87000275,1.3191854,5.0,2664.0,0.5149737223815918,False,REGULAR,USD,0.5218132769359334,0.5618977807635215,66.8270564226764,0.5418555288497274,0.2308639119441646
2027-06-17,430.0,AMAT270617P00430000,2026-09-03 19:31:20+00:00,71.95,68.2,75.4,2.5999985,3.7490966,2.0,350.0,0.5150652742004396,False,REGULAR,USD,0.5146887390949335,0.5640084655588135,71.80404794200447,0.5393486023268734,0.2287326426212881
2027-06-17,440.0,AMAT270617P00440000,2026-09-03 13:33:40+00:00,81.0,75.95,79.1,4.5999985,6.0209403,1.0,179.0,0.5006153454589843,True,REGULAR,USD,0.5300588556113597,0.5513252197231372,77.52586431460765,0.5406920376672484,0.2298735382034806
2027-06-17,450.0,AMAT270617P00450000,2026-09-02 18:16:14+00:00,82.65,79.55,87.7,0.0,0.0,6.0,285.0,0.5172625178527832,True,REGULAR,USD,0.5161669721154557,0.5705459844619468,83.63091273452929,0.5433564782887013,0.2321446776356495
2027-06-17,460.0,AMAT270617P00460000,2026-09-01 18:38:38+00:00,88.7,85.65,94.0,0.0,0.0,109.0,209.0,0.5174913973999024,True,REGULAR,USD,0.5178527040464248,0.5730409607522123,89.83089959158818,0.5454468323993186,0.2339342873470335
2027-06-17,470.0,AMAT270617P00470000,2026-09-01 18:21:50+00:00,94.3,92.35,98.15,0.0,0.0,4.0,215.0,0.5026294854736328,True,REGULAR,USD,0.522285694340633,0.5603193586538272,95.25246106024716,0.5413025264972301,0.2303929261100976
2027-06-17,480.0,AMAT270617P00480000,2026-09-02 17:46:33+00:00,100.65,98.25,106.65,0.0,0.0,6.0,326.0,0.5148592826080323,True,REGULAR,USD,0.5203578908512428,0.5751747106774993,102.4541765687128,0.547766300764371,0.2359280907195477
2027-06-17,490.0,AMAT270617P00490000,2026-09-02 13:46:36+00:00,108.77,104.95,112.85,0.0,0.0,1.0,192.0,0.5111132873535156,True,REGULAR,USD,0.5225835461706585,0.5739575807169696,108.90243644711254,0.5482705634438141,0.2363626720057321
2027-06-17,500.0,AMAT270617P00500000,2026-09-03 15:42:28+00:00,114.55,111.3,116.8,0.1000061,0.08737973,2.0,1334.0,0.4917043017578125,True,REGULAR,USD,0.5215167996414634,0.5572165945999323,114.05027607934542,0.5393666971206978,0.2287479905406838
2027-06-17,520.0,AMAT270617P00520000,2026-09-01 16:13:19+00:00,124.95,126.9,131.35,0.0,0.0,11.0,414.0,0.4929402513122559,True,REGULAR,USD,0.5353631620692094,0.5642943330609929,129.1240649797246,0.5498287475651011,0.2377080658171649
2027-06-17,540.0,AMAT270617P00540000,2026-08-28 15:49:56+00:00,129.78,139.7,148.0,0.0,0.0,1.0,323.0,0.5044223752593995,True,REGULAR,USD,0.5274340715869229,0.5817720538834362,143.84171819841484,0.5546030627351796,0.2418541586713269
2027-06-17,560.0,AMAT270617P00560000,2026-08-27 19:58:23+00:00,139.31,156.25,161.6,0.0,0.0,85.0,246.0,0.4919179226684571,True,REGULAR,USD,0.5409555084831567,0.5763775144436992,158.91912332358356,0.5586665114634279,0.2454111610570291
2027-06-17,580.0,AMAT270617P00580000,2026-09-01 18:21:50+00:00,171.2,171.3,176.7,0.0,0.0,2.0,228.0,0.4859060198974609,True,REGULAR,USD,0.5416864170295073,0.5780242700931173,173.99099040228475,0.5598553435613123,0.2464567332601712
2027-06-17,600.0,AMAT270617P00600000,2026-09-03 13:43:04+00:00,191.0,187.7,192.5,3.0,1.5957447,1.0,502.0,0.4814047221374511,True,REGULAR,USD,0.5489384249059789,0.5818236239405112,190.09047259974463,0.5653810244232451,0.2513457169787699
2027-06-17,610.0,AMAT270617P00610000,2026-09-01 16:41:11+00:00,195.65,194.4,202.75,0.0,0.0,1.0,58.0,0.4956562886047364,True,REGULAR,USD,0.5411825944569156,0.5989156950823069,198.5426824089384,0.5700491447696112,0.2555133695311951
2027-06-17,620.0,AMAT270617P00620000,2026-08-17 18:53:44+00:00,161.95,202.65,210.2,0.0,0.0,3.0,124.0,0.4882253326416016,True,REGULAR,USD,0.5436030645746197,0.5964297431881771,206.39475396056065,0.5700164038813984,0.2554840194497095
2027-06-17,630.0,AMAT270617P00630000,2026-09-01 14:48:16+00:00,211.39,211.0,218.0,0.0,0.0,1.0,139.0,0.4824728266906739,True,REGULAR,USD,0.5461940039680598,0.5957670693656565,214.47071371392937,0.5709805366668581,0.2563490080094003
2027-06-17,640.0,AMAT270617P00640000,2026-08-19 15:46:17+00:00,199.4,219.45,227.7,0.0,0.0,4.0,43.0,0.4911855081176758,True,REGULAR,USD,0.5489942022087714,0.6078987743638771,223.53150087470112,0.5784464882863243,0.2630967055498467
2027-06-17,660.0,AMAT270617P00660000,2026-09-02 15:06:50+00:00,239.6,237.5,243.05,0.0,0.0,1.0,76.0,0.4733176448059082,True,REGULAR,USD,0.5617314876845616,0.6023446289356895,240.2511568120212,0.5820380583101256,0.2663739793951996
2027-06-17,680.0,AMAT270617P00680000,2026-08-14 14:59:37+00:00,221.7,254.05,262.0,0.0,0.0,6.0,64.0,0.483678258972168,True,REGULAR,USD,0.5615334739394645,0.6209675312424876,257.96896561500654,0.591250502590976,0.27487299727573
2027-06-17,700.0,AMAT270617P00700000,2026-08-24 18:39:57+00:00,247.15,272.3,279.6,0.0,0.0,2.0,189.0,0.4797720480346679,True,REGULAR,USD,0.5727823437355227,0.6285012971818309,275.8969231580436,0.6006418204586768,0.2836744142215975
2027-06-17,720.0,AMAT270617P00720000,2026-08-12 18:16:18+00:00,232.11,290.0,297.55,0.0,0.0,31.0,59.0,0.4766592861938477,True,REGULAR,USD,0.5783815686128708,0.6373564877998511,293.7110911444334,0.607869028206361,0.2905420953832346
2027-06-17,740.0,AMAT270617P00740000,2026-08-17 16:11:56+00:00,252.32,309.25,315.3,0.0,0.0,3.0,123.0,0.4685722088623046,True,REGULAR,USD,0.5954242952705507,0.6435099501535915,312.23070763131113,0.6194671227120712,0.3017349071966477
2027-06-17,760.0,AMAT270617P00760000,2026-08-21 16:02:41+00:00,297.78,327.25,334.35,0.0,0.0,2.0,121.0,0.4729361788940429,True,REGULAR,USD,0.6012413819932123,0.658717177051746,330.73419564809274,0.6299792795224792,0.3120624854359973
2027-06-17,780.0,AMAT270617P00780000,2026-09-01 13:46:58+00:00,344.98,346.0,352.95,0.0,0.0,1.0,41.0,0.4700675552368164,True,REGULAR,USD,0.6123892595823219,0.6695946247973408,349.4078238941096,0.6409919421898314,0.3230681706200214
2027-06-17,800.0,AMAT270617P00800000,2026-09-01 13:46:58+00:00,363.72,365.3,371.9,0.0,0.0,1.0,73.0,0.4697623825073242,True,REGULAR,USD,0.6275326853068655,0.6824841377905208,368.5371852812332,0.6550084115486932,0.3373516096171742
2027-06-17,820.0,AMAT270617P00820000,2026-08-18 18:42:17+00:00,336.82,384.2,390.0,0.0,0.0,1.0,27.0,0.4540765042114257,True,REGULAR,USD,0.6385587455672251,0.6877582605311434,387.0480773697938,0.6631585030491842,0.3457989875281282
2027-06-17,840.0,AMAT270617P00840000,2026-08-13 15:24:59+00:00,323.09,403.45,410.35,0.0,0.0,10.0,65.0,0.4722953161621094,True,REGULAR,USD,0.6520550904488149,0.7107826441869608,406.826672530064,0.6814188673178878,0.3651046303437251
2027-06-17,860.0,AMAT270617P00860000,2026-07-24 14:55:13+00:00,379.3,384.0,393.0,0.0,0.0,9.0,26.0,1.0000000000000004e-05,True,REGULAR,USD,,,,,
2027-06-17,880.0,AMAT270617P00880000,2026-08-20 14:00:51+00:00,399.99,441.25,449.1,0.0,0.0,2.0,4.0,0.4742484216308594,True,REGULAR,USD,0.6710861131578766,0.7393736212209416,445.07394348348134,0.705229867189409,0.3910663301926289
2027-06-17,890.0,AMAT270617P00890000,2026-08-12 19:45:45+00:00,373.07,451.05,458.9,0.0,0.0,3.0,13.0,0.4760794580078125,True,REGULAR,USD,0.6787229899598234,0.7471568909011322,454.8737596551616,0.7129399404304778,0.3996639011937282
2027-06-17,900.0,AMAT270617P00900000,2026-08-12 15:50:19+00:00,381.5,461.0,468.7,0.0,0.0,1.0,28.0,0.4776663562011719,True,REGULAR,USD,0.6876410705234164,0.7548327217440959,464.752861069747,0.7212368961337561,0.4090203384079885
2027-06-17,910.0,AMAT270617P00910000,2026-08-12 15:40:55+00:00,390.65,471.6,478.55,0.0,0.0,1.0,25.0,0.4800467034912109,True,REGULAR,USD,0.7024146748466762,0.7628210914423925,474.9976424987282,0.7326178831445344,0.4220307186186637
2027-06-17,920.0,AMAT270617P00920000,2026-07-01 17:49:31+00:00,370.79,439.9,449.0,0.0,0.0,2.0,2.0,1.0000000000000004e-05,True,REGULAR,USD,,,,,
2027-06-17,930.0,AMAT270617P00930000,2026-08-14 13:36:50+00:00,431.2,490.65,498.35,0.0,0.0,41.0,59.0,0.4864248135375977,True,REGULAR,USD,0.7119853722757131,0.7793361696863095,494.4037834724784,0.7456607709810112,0.4371914131618051
2027-06-17,940.0,AMAT270617P00940000,2026-07-13 18:04:57+00:00,427.44,458.2,468.0,0.0,0.0,2.0,2.0,1.0000000000000004e-05,True,REGULAR,USD,,,,,
2027-06-17,950.0,AMAT270617P00950000,2026-07-21 14:42:13+00:00,445.65,472.4,480.45,0.0,0.0,22.0,11.0,1.0000000000000004e-05,True,REGULAR,USD,,,,,
2027-06-17,960.0,AMAT270617P00960000,2026-07-30 13:56:30+00:00,487.61,521.4,527.65,0.0,0.0,1.0,5.0,0.4858449853515625,True,REGULAR,USD,0.7456012901232089,0.8000637920952488,524.4636230294828,0.7728325411092288,0.4696343265847639
2027-06-17,970.0,AMAT270617P00970000,2026-08-07 15:40:15+00:00,462.29,531.4,537.4,0.0,0.0,3.0,2.0,0.4845632598876953,True,REGULAR,USD,0.7543437712591489,0.8066523924320205,534.3436305147823,0.7804980818455847,0.4789969106971255
2027-06-17,980.0,AMAT270617P00980000,2026-07-28 14:34:08+00:00,531.9,539.0,549.0,0.0,0.0,2.0,1.0,0.5249986465454101,True,REGULAR,USD,0.7408739071700124,0.8285931533961869,543.8405442700052,0.7847335302830997,0.4842096624356587
2027-06-17,1000.0,AMAT270617P01000000,2026-08-06 14:44:51+00:00,494.0,559.0,569.0,0.0,0.0,1.0,0.0,0.5347031393432617,True,REGULAR,USD,0.7580316940634005,0.8455420451708177,563.8436527199617,0.8017868696171091,0.5054834161406732
2027-06-17,1020.0,AMAT270617P01020000,2026-09-03 18:51:41+00:00,580.85,581.4,588.3,75.39996,14.917392,39.0,161.0,0.5291795129394532,True,REGULAR,USD,0.7968646180689067,0.856386276685141,584.7803578241126,0.8266254473770238,0.5372872983071589
2027-12-17,200.0,AMAT271217P00200000,2026-09-03 17:07:05+00:00,9.4,8.45,10.4,-0.21000004,-2.1852243,6.0,79.0,0.5558821267700197,False,REGULAR,USD,0.5680075973815526,0.6023505137232038,9.40437412573299,0.5851790555523781,0.4409430896352642
2027-12-17,220.0,AMAT271217P00220000,2026-08-31 14:11:31+00:00,12.85,10.75,15.25,0.0,0.0,1.0,213.0,0.5500533276367189,False,REGULAR,USD,0.5488039331060657,0.613221431493038,12.929800360234095,0.5810126822995518,0.434686565442938
2027-12-17,230.0,AMAT271217P00230000,2026-08-26 17:21:08+00:00,16.15,12.6,17.15,0.0,0.0,4.0,59.0,0.5450790121459962,False,REGULAR,USD,0.5475300272329764,0.6071319611219168,14.816552876499657,0.5773309941774466,0.4291950852433476
2027-12-17,250.0,AMAT271217P00250000,2026-09-02 19:00:16+00:00,18.35,17.0,20.45,0.0,0.0,1.0,94.0,0.531529342956543,False,REGULAR,USD,0.546964832123473,0.5857395069033647,18.701950361112345,0.5663521695134188,0.4130267029010999
2027-12-17,280.0,AMAT271217P00280000,2026-09-03 15:56:23+00:00,26.8,24.3,30.1,1.1599998,4.5241804,1.0,281.0,0.5268449415588379,False,REGULAR,USD,0.5391890132415851,0.5922338127283361,27.167218525374818,0.5657114129849605,0.4120926556363755
2027-12-17,290.0,AMAT271217P00290000,2026-09-03 17:53:53+00:00,29.85,26.9,31.8,0.80000114,2.7538767,1.0,103.0,0.516530103302002,False,REGULAR,USD,0.5352245923196294,0.5777959831754165,29.330258835006433,0.556510287747523,0.3987965456804123
2027-12-17,300.0,AMAT271217P00300000,2026-09-01 19:51:51+00:00,32.3,31.05,36.15,0.0,0.0,1.0,154.0,0.5220079537963866,False,REGULAR,USD,0.542985223780976,0.5847657592901355,33.584298335366526,0.5638754915355557,0.4094222407632831
2027-12-17,310.0,AMAT271217P00310000,2026-09-01 19:31:01+00:00,35.4,33.25,39.55,0.0,0.0,1.0,90.0,0.5146075151062011,False,REGULAR,USD,0.533020966590281,0.5823237646656495,36.38063581537696,0.5576723656279652,0.400463779920528
2027-12-17,340.0,AMAT271217P00340000,2026-08-12 18:16:31+00:00,44.6,44.8,51.25,0.0,0.0,1.0,85.0,0.5089007850646974,False,REGULAR,USD,0.5345886987685983,0.5791239839238895,48.01722021196707,0.556856341346244,0.3992926654844837
2027-12-17,350.0,AMAT271217P00350000,2026-09-01 14:26:48+00:00,48.55,49.15,55.6,0.0,0.0,30.0,167.0,0.5077106114196777,False,REGULAR,USD,0.5359215184073182,0.5789212635313412,52.37008269960495,0.5574213909693297,0.4001034118953033
2027-12-17,360.0,AMAT271217P00360000,2026-09-01 14:09:50+00:00,53.65,53.25,58.95,0.0,0.0,1.0,929.0,0.5015461222839355,False,REGULAR,USD,0.5344025265817982,0.5712199040334947,56.09775438073996,0.5528112153076464,0.3935126375119479
2027-12-17,410.0,AMAT271217P00410000,2026-09-03 15:06:35+00:00,80.5,77.2,83.85,10.5,15.0,4.0,26.0,0.5094882425689697,False,REGULAR,USD,0.5332640166494653,0.5712555150712969,80.52887392832352,0.5522597658603812,0.3927279425327031
2027-12-17,420.0,AMAT271217P00420000,2026-09-01 14:21:45+00:00,84.56,82.4,89.9,0.0,0.0,3.0,65.0,0.510792855987549,False,REGULAR,USD,0.532711192639651,0.5748028874127901,86.15572346569215,0.5537570400262206,0.3948603394738154
2027-12-17,440.0,AMAT271217P00440000,2026-09-01 19:53:01+00:00,94.9,93.7,101.8,0.0,0.0,2.0,101.0,0.5097552687072755,True,REGULAR,USD,0.534161668109794,0.5782710227996889,97.75769514619626,0.5562163454547415,0.3983753774985845
2027-12-17,450.0,AMAT271217P00450000,2026-09-03 18:44:01+00:00,102.9,100.2,104.75,7.2000046,7.523516,20.0,72.0,0.4924901215362549,True,REGULAR,USD,0.5382857209315154,0.5627232918287642,102.47744794811088,0.5505045063801398,0.3902354778796588
2027-12-17,470.0,AMAT271217P00470000,2026-08-26 19:27:46+00:00,109.85,111.0,118.15,0.0,0.0,2.0,75.0,0.494923874053955,True,REGULAR,USD,0.5326484972107172,0.5702544073986716,114.58085026759292,0.5514514523046944,0.3915791534164647
2027-12-17,480.0,AMAT271217P00480000,2026-08-21 15:25:00+00:00,116.1,117.0,126.0,0.0,0.0,4.0,92.0,0.500905259552002,True,REGULAR,USD,0.5320394968546336,0.5790079735634696,121.50889011865956,0.5555237352090516,0.397383867339424
2027-12-17,490.0,AMAT271217P00490000,2026-09-02 14:44:18+00:00,126.19,124.15,131.95,0.0,0.0,2.0,40.0,0.4965184015655518,True,REGULAR,USD,0.5367488950755716,0.577169232389207,128.0562217734576,0.5569590637323893,0.3994399928126578
2027-12-17,500.0,AMAT271217P00500000,2026-08-14 19:15:29+00:00,124.0,130.2,138.55,0.0,0.0,5.0,232.0,0.4948018049621582,True,REGULAR,USD,0.5351513169800047,0.5781571511333683,134.38143358071252,0.5566542340566865,0.3990028768707426
2027-12-17,520.0,AMAT271217P00520000,2026-08-26 19:27:42+00:00,139.8,143.65,151.85,0.0,0.0,2.0,29.0,0.4900258517456055,True,REGULAR,USD,0.5371694753061436,0.5790348341556818,147.75454418974564,0.5581021547309126,0.4010812797374936
2027-12-17,540.0,AMAT271217P00540000,2026-09-01 14:44:03+00:00,159.4,157.25,164.45,0.0,0.0,5.0,60.0,0.4793066596221923,True,REGULAR,USD,0.537794033799445,0.5743661283662903,160.8517840596284,0.5560800810828677,0.3981802098390424
2027-12-17,560.0,AMAT271217P00560000,2026-09-02 14:44:59+00:00,174.55,172.75,179.85,0.0,0.0,2.0,51.0,0.4805883850860596,True,REGULAR,USD,0.5460746469384099,0.5820904011262451,176.30012637519408,0.5640825240323275,0.4097229428541924
2027-12-17,580.0,AMAT271217P00580000,2026-08-31 14:43:55+00:00,181.9,187.05,195.0,0.0,0.0,17.0,146.0,0.4785055812072754,True,REGULAR,USD,0.5464493940450548,0.5868247854122587,191.02263746870008,0.5666370897286568,0.4134423780394413
2027-12-17,600.0,AMAT271217P00600000,2026-08-21 15:22:43+00:00,193.43,202.0,211.0,0.0,0.0,2.0,75.0,0.4789175643920897,True,REGULAR,USD,0.54845098704772,0.5943135956883316,206.49363124970364,0.5713822913680258,0.4203959719392287
2027-12-17,610.0,AMAT271217P00610000,2026-08-12 15:58:23+00:00,183.5,210.0,218.0,0.0,0.0,5.0,13.0,0.4730582479858398,True,REGULAR,USD,0.5515538659927054,0.5924274115582115,213.99343617967057,0.5719906387754585,0.4212916347889748
2027-12-17,620.0,AMAT271217P00620000,2026-08-11 17:43:34+00:00,199.45,217.0,226.0,0.0,0.0,3.0,18.0,0.4720664366149902,True,REGULAR,USD,0.5491502306580821,0.5952855503508515,221.48960896547948,0.5722178905044668,0.4216264593980535
2027-12-17,630.0,AMAT271217P00630000,2026-08-17 18:44:11+00:00,193.94,226.0,234.0,0.0,0.0,26.0,30.0,0.4706168661499024,True,REGULAR,USD,0.556700215198258,0.597817608450581,229.99058966072067,0.5772589118244195,0.4290879180874933
2027-12-17,640.0,AMAT271217P00640000,2026-08-17 18:44:43+00:00,201.78,233.6,241.95,0.0,0.0,5.0,16.0,0.4684272518157959,True,REGULAR,USD,0.5566937697735138,0.599779405090126,237.76294476476556,0.5782365874318198,0.4305425999754916
2027-12-17,660.0,AMAT271217P00660000,2026-09-02 14:44:18+00:00,251.81,250.0,257.65,0.0,0.0,2.0,78.0,0.4614464256286621,True,REGULAR,USD,0.5619572614549654,0.6017662976159869,253.81191534288763,0.5818617795354761,0.4359580036371774
2027-12-17,680.0,AMAT271217P00680000,2026-08-17 18:46:18+00:00,229.85,266.0,276.0,0.0,0.0,2.0,13.0,0.468305182723999,True,REGULAR,USD,0.5639341096292388,0.6163853829995231,270.97340658137256,0.590159746314381,0.4484811158899496
2027-12-17,700.0,AMAT271217P00700000,2026-08-13 15:54:18+00:00,245.82,283.0,293.0,0.0,0.0,2.0,13.0,0.4657951370239258,True,REGULAR,USD,0.5701282187911556,0.6230544615434384,287.96878654437967,0.596591340167297,0.4583095253874722
2027-12-17,720.0,AMAT271217P00720000,2026-07-31 17:31:06+00:00,295.8,300.4,309.5,0.0,0.0,7.0,17.0,0.4584404742431641,True,REGULAR,USD,0.5775291979144891,0.6261766397253962,304.92006126358564,0.6018529188199426,0.4664292051213142
2027-12-17,740.0,AMAT271217P00740000,2026-09-02 14:44:59+00:00,319.6,318.05,325.25,0.0,0.0,2.0,137.0,0.4438379591369628,True,REGULAR,USD,0.5854460801982042,0.6243907792347724,321.62832186588014,0.6049184297164882,0.4711927783753729
2027-12-17,760.0,AMAT271217P00760000,2026-06-29 14:23:56+00:00,271.0,315.0,322.0,0.0,0.0,2.0,14.0,1.0000000000000004e-05,True,REGULAR,USD,0.4706010613472635,0.5139269211256061,318.4422461018723,0.4922639912364348,0.312033434032799
2027-12-17,780.0,AMAT271217P00780000,2026-08-12 14:35:34+00:00,306.07,353.0,363.0,0.0,0.0,2.0,51.0,0.4533746069335937,True,REGULAR,USD,0.5970573518174478,0.6520108909751867,357.9512894207795,0.6245341213963173,0.5022469817273613
2027-12-17,800.0,AMAT271217P00800000,2026-08-14 13:37:08+00:00,338.3,371.0,381.0,0.0,0.0,1.0,20.0,0.4501397760009765,True,REGULAR,USD,0.6047661691353196,0.6602025305845959,375.9474921068282,0.6324843498599577,0.5151154323954891
2027-12-17,820.0,AMAT271217P00820000,2026-08-14 13:36:50+00:00,354.65,390.0,399.0,0.0,0.0,1.0,15.0,0.4454095986938476,True,REGULAR,USD,0.6175913214355256,0.6678151947133302,394.4552691066442,0.6427032580744279,0.5318951085796103
2027-12-17,840.0,AMAT271217P00840000,2026-08-17 18:44:11+00:00,352.35,409.0,416.3,0.0,0.0,26.0,34.0,0.4326686372375488,True,REGULAR,USD,0.6299444491888557,0.6710155190118547,412.6187255455044,0.6504799841003552,0.5448448727839541
2027-12-17,860.0,AMAT271217P00860000,2026-08-17 18:44:43+00:00,367.53,427.0,435.0,0.0,0.0,9.0,29.0,0.4306392385864258,True,REGULAR,USD,0.6360856333051952,0.681441735363739,430.9604338397464,0.6587636843344671,0.5588101593014331
2027-12-17,880.0,AMAT271217P00880000,2026-08-17 16:04:07+00:00,386.41,446.0,455.0,0.0,0.0,39.0,31.0,0.4404658004760742,True,REGULAR,USD,0.6475605898264502,0.6986860178890326,450.4496517870935,0.6731233038577413,0.5834373743350404
2027-12-17,900.0,AMAT271217P00900000,2026-08-17 16:04:52+00:00,404.12,464.0,474.0,0.0,0.0,5.0,24.0,0.4398401963806152,True,REGULAR,USD,0.6527902569272601,0.7099875160045667,468.9351354635453,0.6813888864659134,0.5978539256483589
2027-12-17,920.0,AMAT271217P00920000,2026-08-07 15:32:19+00:00,440.09,484.0,491.5,0.0,0.0,2.0,62.0,0.4208431939697266,True,REGULAR,USD,0.6693824142752188,0.7124925421225077,487.71246758612847,0.6909374781988633,0.6147272915794746
2027-12-17,930.0,AMAT271217P00930000,2026-08-17 16:05:47+00:00,429.1,493.35,500.6,0.0,0.0,6.0,2.0,0.4138242211914062,True,REGULAR,USD,0.6737366743058558,0.7155528828119213,496.939211279038,0.6946447785588885,0.6213417620224378
2027-12-17,950.0,AMAT271217P00950000,2026-08-07 15:33:58+00:00,464.71,512.65,520.7,0.0,0.0,6.0,19.0,0.4234981967163086,True,REGULAR,USD,0.6857350564184196,0.7321722628756795,516.6311931885192,0.7089536596470496,0.647203252103189
2027-12-17,960.0,AMAT271217P00960000,2026-07-23 14:08:17+00:00,478.5,486.55,496.0,0.0,0.0,30.0,33.0,1.0000000000000004e-05,True,REGULAR,USD,0.4235920163407466,0.5144050727354719,490.8461791028131,0.4689985445381093,0.2832356940988123
2027-12-17,980.0,AMAT271217P00980000,2026-08-14 13:36:45+00:00,491.15,541.0,550.0,0.0,0.0,40.0,33.0,0.4260921649169922,True,REGULAR,USD,0.6996181463076677,0.7517348498424582,545.4444187435274,0.725676498075063,0.6780958863931201
2027-12-17,1000.0,AMAT271217P01000000,2026-07-24 16:34:25+00:00,516.5,523.3,533.0,0.0,0.0,,27.0,1.0000000000000004e-05,True,REGULAR,USD,0.4229890257556076,0.5231536265772117,527.6224378174891,0.4730713261664097,0.2881762888525956
2027-12-17,1020.0,AMAT271217P01020000,2026-08-25 17:16:55+00:00,550.99,581.0,589.0,0.0,0.0,7.0,11.0,0.4263057858276368,True,REGULAR,USD,0.7302215701528648,0.7764732450109527,584.9571220162309,0.7533474075819088,0.7307950376983009
2028-01-21,150.0,AMAT280121P00150000,2026-09-03 14:01:56+00:00,4.47,3.65,5.05,0.119999886,2.758618,1.0,400.0,0.5830730169677734,False,REGULAR,USD,0.5865178447382955,0.629794747721062,4.321235396298709,0.6081562962296787,0.5117159197948475
2028-01-21,190.0,AMAT280121P00190000,2026-09-03 14:01:56+00:00,9.47,7.45,11.1,0.47000027,5.222225,1.0,86.0,0.5636335140991212,False,REGULAR,USD,0.5595305882471187,0.625218252936788,9.200238205195475,0.5923744205919533,0.4855020941279027
2028-01-21,200.0,AMAT280121P00200000,2026-09-03 16:02:19+00:00,10.62,9.8,10.95,0.3699999,3.609755,10.0,757.0,0.5514266049194337,False,REGULAR,USD,0.5726925787404017,0.5915292866314761,10.368722115847394,0.5821109326859388,0.468824204564409
2028-01-21,240.0,AMAT280121P00240000,2026-09-03 13:34:00+00:00,18.32,16.35,20.6,0.7799988,4.446971,2.0,193.0,0.5383499534606935,False,REGULAR,USD,0.5492933046884146,0.5975818038213696,18.43888770963686,0.5734375542548922,0.45495744509059
2028-01-21,260.0,AMAT280121P00260000,2026-08-28 18:00:14+00:00,22.8,20.75,23.45,0.0,0.0,24.0,187.0,0.5184221742248536,False,REGULAR,USD,0.5421121674152375,0.5691114925732967,22.08940719151625,0.5556118299942672,0.4271117132683208
2028-01-21,290.0,AMAT280121P00290000,2026-09-03 19:44:50+00:00,31.25,30.5,32.7,0.54999924,1.7915285,2.0,187.0,0.5161486373901367,False,REGULAR,USD,0.5487227513980705,0.5669660169896068,31.596592245190067,0.5578443841938386,0.4305510418443412
2028-01-21,320.0,AMAT280121P00320000,2026-09-03 15:47:44+00:00,42.2,39.0,44.65,1.75,4.3263288,2.0,252.0,0.5065051791381835,False,REGULAR,USD,0.5321992936154009,0.5729070825203044,41.81458130944617,0.5525531880678527,0.4224221587676538
2028-01-21,330.0,AMAT280121P00330000,2026-09-03 17:31:35+00:00,45.75,43.2,46.95,0.20000076,0.4390796,42.0,177.0,0.5000965518188477,False,REGULAR,USD,0.5345749637129065,0.5605551557066951,45.07151979075877,0.5475650597098007,0.4148298213166405
2028-01-21,340.0,AMAT280121P00340000,2026-09-03 14:38:55+00:00,51.35,45.0,54.2,2.0999985,4.263956,340.0,244.0,0.5009434061431886,False,REGULAR,USD,0.519482263030183,0.5808615881278981,49.58603840084817,0.5501719255790405,0.4187890947565791
2028-01-21,350.0,AMAT280121P00350000,2026-09-03 16:47:40+00:00,54.25,49.85,58.65,0.54999924,1.0242071,11.0,182.0,0.5012867254638673,False,REGULAR,USD,0.5240554030220148,0.5807727379637464,54.24242920903801,0.5524140704928806,0.4222094771661622
2028-01-21,360.0,AMAT280121P00360000,2026-09-03 18:01:50+00:00,58.44,55.65,59.75,0.25999832,0.4468861,31.0,337.0,0.5054981091308592,False,REGULAR,USD,0.5331743845984911,0.5587943513520329,57.69907935030437,0.5459843679752621,0.4124382457179176
2028-01-21,370.0,AMAT280121P00370000,2026-09-01 16:38:04+00:00,61.38,60.0,68.0,0.0,0.0,96.0,269.0,0.5012104322814943,False,REGULAR,USD,0.5319179425382342,0.5804882967113059,63.99998120957292,0.5562031196247701,0.4280212731275747
2028-01-21,380.0,AMAT280121P00380000,2026-09-02 15:53:41+00:00,67.55,65.0,72.4,0.0,0.0,2.0,378.0,0.5194292442321777,False,REGULAR,USD,0.5336068902479125,0.5773851519390165,68.70177780410219,0.5554960210934645,0.4269336818427089
2028-01-21,390.0,AMAT280121P00390000,2026-08-28 16:31:28+00:00,70.8,70.0,77.0,0.0,0.0,11.0,132.0,0.5149889810180664,False,REGULAR,USD,0.5342958718269698,0.5747376481255142,73.50287528437087,0.554516759976242,0.4254297609116364
2028-01-21,400.0,AMAT280121P00400000,2026-09-03 13:33:00+00:00,80.09,74.05,79.65,3.4399948,4.4879255,9.0,1295.0,0.4993259906768799,False,REGULAR,USD,0.5287251208218918,0.5603545440920334,76.85233378326822,0.5445398324569626,0.410258719758328
2028-01-21,410.0,AMAT280121P00410000,2026-09-01 15:04:10+00:00,81.0,79.75,85.9,0.0,0.0,1.0,579.0,0.5024006059265138,False,REGULAR,USD,0.5316690673450568,0.5657431542136007,82.82854867693257,0.5487061107793287,0.4165605205022503
2028-01-21,420.0,AMAT280121P00420000,2026-09-02 14:52:12+00:00,88.65,84.8,92.8,0.0,0.0,5.0,76.0,0.5079242323303224,False,REGULAR,USD,0.5301801611023134,0.5737451580630749,88.80688893377413,0.5519626595826941,0.4215197333552562
2028-01-21,430.0,AMAT280121P00430000,2026-08-28 16:09:16+00:00,89.52,91.1,98.7,0.0,0.0,1.0,48.0,0.5073520334625244,False,REGULAR,USD,0.5346575615085113,0.5754095349584157,94.90676716781007,0.5550335482334635,0.426223098714075
2028-01-21,440.0,AMAT280121P00440000,2026-09-02 17:08:19+00:00,98.95,96.15,103.1,0.0,0.0,8.0,80.0,0.4984181018066406,True,REGULAR,USD,0.5316979662694621,0.5684009926464857,99.630836208918,0.5500494794579739,0.4186027043157643
2028-01-21,450.0,AMAT280121P00450000,2026-09-02 15:52:44+00:00,105.25,102.2,110.0,0.0,0.0,2.0,366.0,0.5015079756927491,True,REGULAR,USD,0.5333223430398393,0.5740174746134635,106.10754203346865,0.5536699088266515,0.4241313309856351
2028-01-21,460.0,AMAT280121P00460000,2026-09-02 15:45:48+00:00,111.2,107.4,115.3,0.0,0.0,3.0,61.0,0.4958622801971436,True,REGULAR,USD,0.5298795491782128,0.5706038760790269,111.35765145734152,0.5502417126286199,0.4188953448488239
2028-01-21,470.0,AMAT280121P00470000,2026-08-31 14:20:20+00:00,113.0,113.55,122.0,0.0,0.0,1.0,63.0,0.4965412895202637,True,REGULAR,USD,0.5307025627603819,0.5738448653408482,117.7835803140544,0.5522737140506151,0.4219949558679084
2028-01-21,480.0,AMAT280121P00480000,2026-09-01 19:07:32+00:00,122.6,120.3,128.0,0.0,0.0,1.0,284.0,0.4931233549499512,True,REGULAR,USD,0.5339251305330334,0.5729039902107973,124.1568386579861,0.5534145603719154,0.4237402087506257
2028-01-21,490.0,AMAT280121P00490000,2026-09-01 13:51:29+00:00,126.61,126.8,135.0,0.0,0.0,2.0,46.0,0.4940007265472412,True,REGULAR,USD,0.5352625499455691,0.5764777759465598,130.90732685601745,0.5558701629460645,0.4275089786770152
2028-01-21,500.0,AMAT280121P00500000,2026-09-01 16:02:42+00:00,133.6,133.55,139.65,0.0,0.0,4.0,143.0,0.482777999420166,True,REGULAR,USD,0.5372679113290328,0.5677137555285263,136.60368127900247,0.5524908334287796,0.4223268249767886
2028-01-21,520.0,AMAT280121P00520000,2026-09-03 16:29:50+00:00,150.11,146.45,153.95,9.460007,6.7259207,10.0,86.0,0.483052654876709,True,REGULAR,USD,0.5366761542100483,0.5737614277732349,150.20433194532288,0.5552187909916416,0.4265076505875649
2028-01-21,540.0,AMAT280121P00540000,2026-08-31 18:06:55+00:00,154.65,160.35,167.75,0.0,0.0,1.0,67.0,0.4786657968902588,True,REGULAR,USD,0.5390187508102139,0.5753959747159435,164.05269781949116,0.5572073627630787,0.4295682816007658
2028-01-21,560.0,AMAT280121P00560000,2026-08-13 18:17:06+00:00,153.66,174.7,181.75,0.0,0.0,1.0,153.0,0.4731192825317383,True,REGULAR,USD,0.5417139638373514,0.5762771942820235,178.22582218878895,0.5589955790596874,0.4323298876470658
2028-01-21,580.0,AMAT280121P00580000,2026-08-13 18:35:31+00:00,167.15,189.45,198.0,0.0,0.0,4.0,32.0,0.4767660966491699,True,REGULAR,USD,0.5446658419695837,0.5865825312251388,193.7238272150666,0.5656241865973612,0.4426438735185832
2028-01-21,600.0,AMAT280121P00600000,2026-08-11 17:51:34+00:00,189.5,204.35,212.3,0.0,0.0,3.0,340.0,0.4687400538635254,True,REGULAR,USD,0.5467863745954592,0.5858523342927974,208.32137886794257,0.5663193544441283,0.4437325853838279
2028-01-21,610.0,AMAT280121P00610000,2026-08-19 15:46:18+00:00,202.5,212.15,220.0,0.0,0.0,2.0,111.0,0.46680220703125,True,REGULAR,USD,0.5490223665792575,0.5876675191200272,216.07023474245707,0.5683449428496423,0.4469125120594395
2028-01-21,620.0,AMAT280121P00620000,2026-08-13 17:47:29+00:00,190.85,220.05,228.0,0.0,0.0,4.0,24.0,0.4659629820251466,True,REGULAR,USD,0.551411329175469,0.5906331887028994,224.0188650560964,0.5710222589391842,0.4511329923370532
2028-01-21,630.0,AMAT280121P00630000,2026-08-13 16:10:12+00:00,198.95,228.0,236.0,0.0,0.0,6.0,35.0,0.4646965151977539,True,REGULAR,USD,0.5537221667849279,0.5932909183812028,231.99248068754864,0.5735065425830654,0.4550669204512839
2028-01-21,640.0,AMAT280121P00640000,2026-08-12 19:01:35+00:00,207.7,236.0,244.0,0.0,0.0,1.0,15.0,0.4630104358673096,True,REGULAR,USD,0.5559692249043953,0.5956529094256846,239.99113009346095,0.5758110671650399,0.4587314642745747
2028-01-21,660.0,AMAT280121P00660000,2026-08-13 18:17:06+00:00,217.76,252.3,260.0,0.0,0.0,1.0,43.0,0.4583336637878418,True,REGULAR,USD,0.5610797913596693,0.5995327790767058,256.1392010198532,0.5803062852181875,0.4659218335758489
2028-01-21,680.0,AMAT280121P00680000,2026-08-27 14:34:22+00:00,258.27,268.0,278.0,0.0,0.0,22.0,27.0,0.463246944732666,True,REGULAR,USD,0.5620473128221362,0.6123392114456757,272.97776821223636,0.587193262133906,0.4770464196800172
2028-01-21,700.0,AMAT280121P00700000,2026-08-03 19:32:49+00:00,283.28,285.0,294.0,0.0,0.0,1.0,7.0,0.4553582296752929,True,REGULAR,USD,0.568584497198967,0.614234428121796,289.47826839711,0.5914094626603814,0.4839216493828541
2028-01-21,720.0,AMAT280121P00720000,2026-07-02 16:46:28+00:00,278.73,285.0,292.9,0.0,0.0,2.0,15.0,0.3203498141479491,True,REGULAR,USD,0.4832288893266598,0.526364991311168,288.90852198335824,0.5047969403189139,0.3525591102258774
2028-01-21,740.0,AMAT280121P00740000,2026-08-12 18:55:11+00:00,277.41,319.25,327.05,0.0,0.0,1.0,32.0,0.440160627746582,True,REGULAR,USD,0.5803166149057473,0.6206297611087217,323.1280118277256,0.6004731880072345,0.4988681233023662
2028-01-21,760.0,AMAT280121P00760000,2026-08-12 18:55:11+00:00,292.06,337.0,345.0,0.0,0.0,1.0,26.0,0.4392756268310547,True,REGULAR,USD,0.5882865294214178,0.6299488625681307,340.9746551868241,0.6091176959947742,0.5133350839037286
2028-01-21,780.0,AMAT280121P00780000,2026-07-07 19:00:24+00:00,348.13,334.0,342.0,0.0,0.0,2.0,104.0,1.0000000000000004e-05,True,REGULAR,USD,0.4783667405705356,0.5254965296910888,337.93187774362804,0.5019316351308123,0.3485681096007422
2028-01-21,800.0,AMAT280121P00800000,2026-08-27 16:36:50+00:00,354.13,373.0,382.0,0.0,0.0,24.0,36.0,0.4417933018493652,True,REGULAR,USD,0.6049492241288681,0.6524429298877226,377.4633291600154,0.6286960770082953,0.5468648559151734
2028-01-21,840.0,AMAT280121P00840000,2026-07-08 16:38:03+00:00,383.37,385.0,393.0,0.0,0.0,3.0,5.0,1.0000000000000004e-05,True,REGULAR,USD,0.4760788758042948,0.5273671843551065,388.9009641243192,0.5017230300797006,0.3482784368513421
2028-01-21,860.0,AMAT280121P00860000,2026-07-09 14:41:11+00:00,378.5,401.5,410.0,0.0,0.0,2.0,4.0,1.0000000000000004e-05,True,REGULAR,USD,0.4697718651158146,0.5263755007760167,405.6207058071066,0.4980736829459157,0.3432303665475912
2028-01-21,880.0,AMAT280121P00880000,2026-08-10 14:56:43+00:00,408.04,446.0,455.0,0.0,0.0,1.0,13.0,0.4250393190002441,True,REGULAR,USD,0.6373233699592509,0.6861307220425347,450.4542069456146,0.6617270460008928,0.6058376852646006
2028-01-21,900.0,AMAT280121P00900000,2026-08-07 19:22:04+00:00,422.0,465.0,475.0,0.0,0.0,1.0,3.0,0.4342555354309083,True,REGULAR,USD,0.6484799696405048,0.7027852247189093,469.94331215904583,0.675632597179707,0.6315673978568688
2028-01-21,910.0,AMAT280121P00910000,2026-08-27 14:34:22+00:00,453.3,475.25,483.0,0.0,0.0,22.0,28.0,0.4185391398620605,True,REGULAR,USD,0.65809836104162,0.7003153729808179,479.09018499563274,0.679206867011219,0.638267380653627
2028-01-21,920.0,AMAT280121P00920000,2026-07-06 17:43:44+00:00,437.65,453.75,463.0,0.0,0.0,2.0,4.0,1.0000000000000004e-05,True,REGULAR,USD,0.46419171707351,0.5320715969737727,458.1651192917169,0.4981316570236413,0.343310272885493
2028-01-21,930.0,AMAT280121P00930000,2026-07-21 18:26:58+00:00,458.75,463.05,472.0,0.0,0.0,2.0,22.0,1.0000000000000004e-05,True,REGULAR,USD,0.467289169564577,0.5336426904985375,467.3230217174615,0.5004659300315573,0.346535354237774
2028-01-21,940.0,AMAT280121P00940000,2026-07-28 14:18:19+00:00,518.4,504.0,511.3,0.0,0.0,6.0,4.0,0.4120542193603516,True,REGULAR,USD,0.6753614661952756,0.7153154184834957,507.6182943895551,0.6953384423393856,0.6689458971080995
2028-01-21,960.0,AMAT280121P00960000,2026-07-28 14:18:19+00:00,535.8,523.0,532.0,0.0,0.0,,3.0,0.4283962190246582,True,REGULAR,USD,0.685556566495712,0.7347789084911628,527.4524477397866,0.7101677374934374,0.6977830103154977
2028-01-21,970.0,AMAT280121P00970000,2026-08-19 14:16:37+00:00,497.01,532.0,541.0,0.0,0.0,2.0,19.0,0.420354917602539,True,REGULAR,USD,0.6877393350892557,0.7371526410919202,536.4511777227679,0.712445988090588,0.702267231240874
2028-01-21,980.0,AMAT280121P00980000,2026-07-06 19:55:37+00:00,483.88,508.0,517.0,0.0,0.0,7.0,6.0,1.0000000000000004e-05,True,REGULAR,USD,0.4678282030284941,0.5397263493347668,512.249414966506,0.5037772761816305,0.3511362458040447
2028-01-21,1000.0,AMAT280121P01000000,2026-07-15 18:36:35+00:00,505.65,528.0,535.0,0.0,0.0,1.0,1.0,1.0000000000000004e-05,True,REGULAR,USD,0.4852523386858315,0.5413475520775408,531.3488383113553,0.5132999453816862,0.3645364414631925
2028-01-21,1020.0,AMAT280121P01020000,2026-08-04 13:32:05+00:00,528.0,581.0,590.0,0.0,0.0,1.0,2.0,0.42598535446167,True,REGULAR,USD,0.7200881543666521,0.7694887116889291,585.4520299712715,0.7447884330277905,0.7674752165365911
2028-12-15,230.0,AMAT281215P00230000,2026-09-03 15:49:27+00:00,29.03,26.75,30.4,0.5300007,1.8596516,1.0,68.0,0.5250139051818847,False,REGULAR,USD,0.5613272551410288,0.5923168268315842,28.562887635497255,0.5768220409863065,0.760250789728727
2028-12-15,240.0,AMAT281215P00240000,2026-09-03 14:30:10+00:00,32.7,28.9,33.0,1.0300007,3.2522914,2.0,101.0,0.516606396484375,False,REGULAR,USD,0.5531430221828938,0.5860876136438835,30.937078918897633,0.5696153179133887,0.7413725563696169
2028-12-15,250.0,AMAT281215P00250000,2026-09-02 16:17:25+00:00,34.75,32.8,37.95,0.0,0.0,13.0,126.0,0.522068988342285,False,REGULAR,USD,0.5580050949893484,0.5969217210059775,35.3600933391433,0.5774634079976629,0.7619423716126401
2028-12-15,260.0,AMAT281215P00260000,2026-09-03 17:37:08+00:00,38.74,35.4,41.1,0.5400009,1.413615,10.0,80.0,0.5154314814758301,False,REGULAR,USD,0.5517172596116802,0.5927382046941732,38.23508191006676,0.5722277321529267,0.7481884317507705
2028-12-15,280.0,AMAT281215P00280000,2026-09-03 17:10:44+00:00,45.92,43.2,47.9,0.019996643,0.04356567,431.0,95.0,0.5099078550720215,False,REGULAR,USD,0.5548872795736397,0.5857318929201973,45.54414528594701,0.5703095862469185,0.7431808826129305
2028-12-15,290.0,AMAT281215P00290000,2026-09-03 17:20:09+00:00,49.73,46.05,54.0,0.66999817,1.3656709,30.0,84.0,0.5106860455322266,False,REGULAR,USD,0.5481625307702068,0.5981930804031852,50.01357799697979,0.5731778055866961,0.7506749384808998
2028-12-15,300.0,AMAT281215P00300000,2026-09-03 18:52:22+00:00,53.0,51.5,55.25,-0.5999985,-1.1194001,3.0,101.0,0.5041706077575683,False,REGULAR,USD,0.5568678941666748,0.5795925855997146,53.373188944637704,0.5682302398831947,0.7377714931555415
2028-12-15,310.0,AMAT281215P00310000,2026-09-03 17:44:42+00:00,58.54,54.25,62.0,0.2800026,0.48060864,1.0,63.0,0.5047046600341796,False,REGULAR,USD,0.5482717632928601,0.5935757606173682,58.120861759064496,0.5709237619551142,0.7447824317775158
2028-12-15,320.0,AMAT281215P00320000,2026-09-03 16:52:24+00:00,62.5,57.55,67.0,0.7900009,1.280183,22.0,340.0,0.5012180615997316,False,REGULAR,USD,0.5425749276348601,0.5960184288159164,62.27261798783151,0.5692966782253883,0.7405433488692514
2028-12-15,350.0,AMAT281215P00350000,2026-09-03 18:27:42+00:00,76.1,73.0,77.5,0.15000153,0.19750038,38.0,146.0,0.5005466815948486,False,REGULAR,USD,0.5519757308520364,0.5752924141704893,75.25131513167901,0.5636340725112629,0.7258847360497444
2028-12-15,360.0,AMAT281215P00360000,2026-09-03 18:00:27+00:00,80.71,77.5,85.3,-0.19000244,-0.23486087,50.0,17.0,0.5115786757659913,False,REGULAR,USD,0.5502011457368462,0.5896480701442606,81.40573847779973,0.5699246079405533,0.7421778766739324
2028-12-15,370.0,AMAT281215P00370000,2026-09-01 18:46:16+00:00,85.05,81.7,91.0,0.0,0.0,65.0,83.0,0.5119296244049072,False,REGULAR,USD,0.5464373798241743,0.5923849818684909,86.35972413526547,0.5694111808463326,0.7408412697422675
2028-12-15,380.0,AMAT281215P00380000,2026-09-03 17:43:50+00:00,91.7,86.9,93.6,1.699997,1.8888855,2.0,29.0,0.4978535322570801,False,REGULAR,USD,0.5470855513375573,0.5794337395337084,90.25553468796186,0.5632596454356329,0.7249206331479816
2028-12-15,390.0,AMAT281215P00390000,2026-08-31 18:40:00+00:00,94.15,93.15,98.9,0.0,0.0,10.0,2.0,0.4955189608764648,False,REGULAR,USD,0.552115688682743,0.5793325491685661,96.02956087602766,0.5657241189256546,0.731278113600903
2028-12-15,400.0,AMAT281215P00400000,2026-09-03 15:24:09+00:00,102.9,98.7,102.5,0.55000305,0.53737473,32.0,64.0,0.4854253728485107,False,REGULAR,USD,0.5532001111317691,0.5708332348083895,100.60210884048696,0.5620166729700793,0.7217247280568817
2028-12-15,420.0,AMAT281215P00420000,2026-09-01 14:16:15+00:00,112.0,109.25,118.0,0.0,0.0,1.0,117.0,0.499028447265625,False,REGULAR,USD,0.5513775645910972,0.5907239699113873,113.63761121198256,0.5710507672512423,0.7451138309617695
2028-12-15,430.0,AMAT281215P00430000,2026-09-03 15:02:04+00:00,119.6,115.1,122.35,2.0999985,1.7872328,14.0,220.0,0.4908498181152344,False,REGULAR,USD,0.552370887090099,0.5844558693140356,118.7338147396107,0.5684133782020673,0.7382471313559399
2028-12-15,440.0,AMAT281215P00440000,2026-09-02 14:01:54+00:00,124.5,121.6,129.45,0.0,0.0,35.0,61.0,0.4935505967712403,True,REGULAR,USD,0.5557368550935077,0.5900387474598743,125.53560661032957,0.5728878012766909,0.7499155095842982
2028-12-15,450.0,AMAT281215P00450000,2026-08-31 19:10:43+00:00,125.09,126.5,134.55,0.0,0.0,3.0,11.0,0.4877141683197021,True,REGULAR,USD,0.551751232620145,0.5864281953910574,130.53613767650978,0.5690897140056013,0.7400050070069558
2028-12-15,460.0,AMAT281215P00460000,2026-09-02 17:01:13+00:00,136.65,133.1,139.75,0.0,0.0,5.0,26.0,0.4819540330505371,True,REGULAR,USD,0.5546771052124206,0.5829748650160843,136.43260011738465,0.5688259851142525,0.7393192962152348
2028-12-15,470.0,AMAT281215P00470000,2026-08-27 14:48:38+00:00,141.14,139.0,148.0,0.0,0.0,6.0,3.0,0.4878820133209229,True,REGULAR,USD,0.5542356450390359,0.5921594417399785,143.51396527959088,0.5731975433895071,0.7507266394674981
2028-12-15,480.0,AMAT281215P00480000,2026-09-03 16:42:52+00:00,149.45,145.65,153.45,6.0,4.182642,38.0,50.0,0.4823736455535888,True,REGULAR,USD,0.5565592362455051,0.5890819589803412,149.56035841991684,0.5728205976129231,0.7497395794503794
2028-12-15,490.0,AMAT281215P00490000,2026-09-02 17:01:13+00:00,155.65,151.0,161.0,0.0,0.0,5.0,48.0,0.4847005876159668,True,REGULAR,USD,0.5531608453669821,0.5944712862030258,156.0167744801509,0.573816065785004,0.7523476923626997
2028-12-15,500.0,AMAT281215P00500000,2026-09-01 14:14:56+00:00,160.5,158.0,167.0,0.0,0.0,2.0,59.0,0.4806417903137207,True,REGULAR,USD,0.5562128310056159,0.5930730955255263,162.5133165160748,0.5746429632655712,0.7545175955680847
2028-12-15,510.0,AMAT281215P00510000,2026-08-26 15:39:46+00:00,166.0,165.0,174.0,0.0,0.0,2.0,8.0,0.4801001087188721,True,REGULAR,USD,0.558904075512469,0.5954935146891818,169.51304135862534,0.5771987951008254,0.7612442370436012
2028-12-15,520.0,AMAT281215P00520000,2026-08-21 14:18:20+00:00,173.97,171.5,179.75,0.0,0.0,3.0,2.0,0.474439154586792,True,REGULAR,USD,0.5592499710346138,0.592524801042277,175.6355851729776,0.5758873860384455,0.7577890374961463
2028-12-15,530.0,AMAT281215P00530000,2026-08-25 19:20:55+00:00,179.0,178.0,188.0,0.0,0.0,1.0,46.0,0.4780096755218506,True,REGULAR,USD,0.5593035305758546,0.5994015794650907,183.01512822205345,0.5793525550204726,0.7669358504912254
2028-12-15,540.0,AMAT281215P00540000,2026-08-25 13:33:18+00:00,184.53,185.5,193.55,0.0,0.0,8.0,24.0,0.4709525561523437,True,REGULAR,USD,0.563043139491487,0.5951149711800741,189.5343992561921,0.5790790553357805,0.766211914087769
2028-12-15,550.0,AMAT281215P00550000,2026-08-26 19:14:46+00:00,192.1,192.4,202.0,0.0,0.0,19.0,67.0,0.4746375168609619,True,REGULAR,USD,0.5641098780885713,0.6021806393988128,197.21292186358053,0.583145258743692,0.7770101358664013
2028-12-15,560.0,AMAT281215P00560000,2026-08-27 13:40:44+00:00,197.58,200.6,209.0,0.0,0.0,8.0,11.0,0.4724936784362792,True,REGULAR,USD,0.5700171633040396,0.6031837929101745,204.8095127432256,0.586600478107107,0.7862452077904543
2028-12-15,570.0,AMAT281215P00570000,2026-09-01 13:50:19+00:00,209.0,207.5,216.0,0.0,0.0,8.0,9.0,0.4700599259185791,True,REGULAR,USD,0.5705415355017952,0.6039463744009052,211.75923354631408,0.5872439549513502,0.7879711118653081
2028-12-15,610.0,AMAT281215P00610000,2026-08-14 17:17:05+00:00,230.1,237.0,245.0,0.0,0.0,,20.0,0.461293839263916,True,REGULAR,USD,0.5776789581741785,0.6086897473306874,241.00629473445625,0.593184352752433,0.8039935399347103
2028-12-15,620.0,AMAT281215P00620000,2026-08-21 15:41:36+00:00,238.1,244.0,253.0,0.0,0.0,31.0,15.0,0.461293839263916,True,REGULAR,USD,0.5774659690844316,0.6122663487337386,248.5073315491715,0.5948661589090851,0.8085589945499113
2028-12-15,630.0,AMAT281215P00630000,2026-08-18 13:46:36+00:00,242.2,251.0,261.0,0.0,0.0,9.0,12.0,0.4610573303985597,True,REGULAR,USD,0.5770572818727974,0.6156388475203746,256.0082412682194,0.596348064696586,0.8125925093122772
2028-12-15,650.0,AMAT281215P00650000,2026-08-07 17:44:38+00:00,268.57,267.2,275.0,0.0,0.0,1.0,1.0,0.4520318469238281,True,REGULAR,USD,0.5841153420754955,0.614099140543422,271.10398738012384,0.5991072413094587,0.8201292926454373
2028-12-15,660.0,AMAT281215P00660000,2026-08-27 19:38:30+00:00,264.65,274.0,284.0,0.0,0.0,25.0,25.0,0.4549615051269531,True,REGULAR,USD,0.5823798171087776,0.6207730363717651,279.00577065694006,0.6015764267402713,0.8269034533501387
2028-12-15,670.0,AMAT281215P00670000,2026-08-27 19:38:30+00:00,271.99,282.3,291.0,0.0,0.0,8.0,125.0,0.4497888273620605,True,REGULAR,USD,0.586217971059003,0.6195796784075762,286.6537022476474,0.6028988247332896,0.8305428823266523
2028-12-15,680.0,AMAT281215P00680000,2026-08-18 18:26:04+00:00,279.11,290.0,299.0,0.0,0.0,,59.0,0.4483163689422607,True,REGULAR,USD,0.5875884448729359,0.6220697555836828,294.503278167127,0.6048291002283094,0.8358696234597551
2028-12-15,690.0,AMAT281215P00690000,2026-08-27 19:38:32+00:00,287.63,298.0,307.0,0.0,0.0,,21.0,0.4466074016571044,True,REGULAR,USD,0.5899438951455527,0.6244019799751135,302.5026275750479,0.6071729375603331,0.8423605097865952
2028-12-15,700.0,AMAT281215P00700000,2026-08-14 13:36:45+00:00,297.48,306.0,315.0,0.0,0.0,1.0,1.0,0.4446619255065917,True,REGULAR,USD,0.592141980431059,0.6265824868048071,310.50196030759616,0.6093622336179331,0.8484460950348044
2028-12-15,710.0,AMAT281215P00710000,2026-08-17 14:33:13+00:00,293.0,314.0,323.0,0.0,0.0,1.0,2.0,0.44248756980896,True,REGULAR,USD,0.594188613126714,0.628617000360554,318.50127940912967,0.611402806743634,0.8541379972777825
2028-12-15,750.0,AMAT281215P00750000,2026-09-01 15:03:12+00:00,345.99,347.05,355.25,0.0,0.0,1.0,2.0,0.4324092404174804,True,REGULAR,USD,0.6049852544210209,0.636353003161479,351.14888341907874,0.62066912879125,0.8802245469599016
2028-12-15,790.0,AMAT281215P00790000,2026-08-27 14:14:02+00:00,369.65,380.8,389.0,0.0,0.0,,3.0,0.4251156121826172,True,REGULAR,USD,0.6164513837910185,0.6478664200871365,384.8969397188746,0.6321589019390774,0.9131154730654356
2028-12-15,820.0,AMAT281215P00820000,2026-09-03 16:55:05+00:00,409.7,406.0,415.0,16.470001,4.188389,2.0,1.0,0.4205685385131836,True,REGULAR,USD,0.6234619122890344,0.658004155379267,410.49463372585546,0.6407330338341507,0.9380530860795252
